[{"fields": {"username": "John", "first_name": "", "last_name": "", "is_active": true, "is_superuser": false, "is_staff": false, "last_login": "2016-02-19T11:48:11.237", "groups": [], "user_permissions": [], "password": "sha1$HpqbFCvrU1rn$1c5e49499d57bfec5be9b96775139c94be945472", "email": "", "date_joined": "2016-02-19T11:48:10.341"}, "model": "auth.user", "pk": 1}, {"fields": {"username": "Steve", "first_name": "", "last_name": "", "is_active": true, "is_superuser": false, "is_staff": false, "last_login": null, "groups": [], "user_permissions": [], "password": "sha1$tjC43PZUqRZv$1a1fda8642c5feae0f7ac564c5775d64126f4790", "email": "", "date_joined": "2016-02-19T11:48:11.523"}, "model": "auth.user", "pk": 2}, {"fields": {"username": "Marc", "first_name": "", "last_name": "", "is_active": true, "is_superuser": false, "is_staff": false, "last_login": null, "groups": [], "user_permissions": [], "password": "sha1$c0CirV9SQT0J$4f1d1970e4e5cc56cabd14599afb82442a11e916", "email": "", "date_joined": "2016-02-19T11:48:11.649"}, "model": "auth.user", "pk": 3}, {"fields": {"username": "Ada", "first_name": "", "last_name": "", "is_active": true, "is_superuser": false, "is_staff": false, "last_login": null, "groups": [], "user_permissions": [], "password": "sha1$QJZAZLkRY1JT$5056ccea91c1a58ed9474c3d74f1f330f4143e80", "email": "", "date_joined": "2016-02-19T11:48:11.774"}, "model": "auth.user", "pk": 4}, {"fields": {"username": "Pepito", "first_name": "", "last_name": "", "is_active": true, "is_superuser": false, "is_staff": false, "last_login": null, "groups": [], "user_permissions": [], "password": "sha1$8ZFPFSHHtWjc$4e9118ad1501ab6043c439ecf869c9e7ea8880af", "email": "", "date_joined": "2016-02-19T11:48:11.908"}, "model": "auth.user", "pk": 5}, {"fields": {"username": "Pedro", "first_name": "", "last_name": "", "is_active": true, "is_superuser": false, "is_staff": false, "last_login": null, "groups": [], "user_permissions": [], "password": "sha1$S7Vqz4K4lALI$60db6b39cd32da4aa0dde4090779a5716e361096", "email": "", "date_joined": "2016-02-19T11:48:12.059"}, "model": "auth.user", "pk": 6}, {"fields": {"expire_date": "2016-03-04T11:48:10.793", "session_data": "MjYyNDQ5NGQ1Y2Y0MmZlNzNmOTFkYTI5NTE3NWMxZjRhYWRhNmQ3Yzp7fQ=="}, "model": "sessions.session", "pk": "azsa5uilxa8f5uc73ksz8bc448ddgwpy"}, {"fields": {"expire_date": "2016-03-04T11:48:15.806", "session_data": "MjYyNDQ5NGQ1Y2Y0MmZlNzNmOTFkYTI5NTE3NWMxZjRhYWRhNmQ3Yzp7fQ=="}, "model": "sessions.session", "pk": "na36e343mzt5bik1faegzxkp17cc3mm7"}, {"fields": {"expire_date": "2016-03-04T11:48:11.371", "session_data": "OTg0YWFlYzgxODRkOGM4ZmVhMWI0NDlkNDJhNTkxN2Y1MzQyMDEwNzp7Il9hdXRoX3VzZXJfaGFzaCI6IjllNTVhNWY5Nzk4MTIyMjU3NTVjNmY3MTkyYmVlM2VlYWE0MDRhZGQiLCJfYXV0aF91c2VyX2JhY2tlbmQiOiJkamFuZ28uY29udHJpYi5hdXRoLmJhY2tlbmRzLk1vZGVsQmFja2VuZCIsIl9hdXRoX3VzZXJfaWQiOiIxIn0="}, "model": "sessions.session", "pk": "qzrr48f9f21ia4cz9lp1v9q8iuwrbklv"}, {"fields": {"domain": "example.com", "name": "example.com"}, "model": "sites.site", "pk": 1}, {"fields": {}, "model": "rest_messaging.participant", "pk": 1}, {"fields": {}, "model": "rest_messaging.participant", "pk": 2}, {"fields": {}, "model": "rest_messaging.participant", "pk": 3}, {"fields": {}, "model": "rest_messaging.participant", "pk": 4}, {"fields": {}, "model": "rest_messaging.participant", "pk": 5}, {"fields": {}, "model": "rest_messaging.participant", "pk": 6}, {"fields": {"name": "All in!"}, "model": "rest_messaging.thread", "pk": 1}, {"fields": {"name": "One has left"}, "model": "rest_messaging.thread", "pk": 2}, {"fields": {"name": "Two only are in"}, "model": "rest_messaging.thread", "pk": 3}, {"fields": {"name": "Unrelated"}, "model": "rest_messaging.thread", "pk": 4}, {"fields": {"date_last_check": null, "participant": 1, "date_left": null, "thread": 1, "date_joined": "2016-02-19T11:48:12.629"}, "model": "rest_messaging.participation", "pk": 1}, {"fields": {"date_last_check": null, "participant": 2, "date_left": null, "thread": 1, "date_joined": "2016-02-19T11:48:12.771"}, "model": "rest_messaging.participation", "pk": 2}, {"fields": {"date_last_check": null, "participant": 3, "date_left": null, "thread": 1, "date_joined": "2016-02-19T11:48:12.922"}, "model": "rest_messaging.participation", "pk": 3}, {"fields": {"date_last_check": null, "participant": 1, "date_left": null, "thread": 2, "date_joined": "2016-02-19T11:48:13.208"}, "model": "rest_messaging.participation", "pk": 4}, {"fields": {"date_last_check": null, "participant": 2, "date_left": null, "thread": 2, "date_joined": "2016-02-19T11:48:13.359"}, "model": "rest_messaging.participation", "pk": 5}, {"fields": {"date_last_check": null, "participant": 3, "date_left": "2016-02-19T11:48:13.509", "thread": 2, "date_joined": "2016-02-19T11:48:13.509"}, "model": "rest_messaging.participation", "pk": 6}, {"fields": {"date_last_check": "2016-02-17T11:48:15.670", "participant": 1, "date_left": null, "thread": 3, "date_joined": "2016-02-19T11:48:13.794"}, "model": "rest_messaging.participation", "pk": 7}, {"fields": {"date_last_check": "2016-02-18T11:48:15.520", "participant": 3, "date_left": null, "thread": 3, "date_joined": "2016-02-19T11:48:13.936"}, "model": "rest_messaging.participation", "pk": 8}, {"fields": {"date_last_check": null, "participant": 4, "date_left": null, "thread": 4, "date_joined": "2016-02-19T11:48:14.650"}, "model": "rest_messaging.participation", "pk": 9}, {"fields": {"date_last_check": null, "participant": 5, "date_left": null, "thread": 4, "date_joined": "2016-02-19T11:48:14.808"}, "model": "rest_messaging.participation", "pk": 10}, {"fields": {"date_last_check": null, "participant": 6, "date_left": null, "thread": 4, "date_joined": "2016-02-19T11:48:14.951"}, "model": "rest_messaging.participation", "pk": 11}, {"fields": {"body": "Message by Steve in thread 1", "sender": 2, "thread": 1, "sent_at": "2016-02-19T11:48:15.171"}, "model": "rest_messaging.message", "pk": 1}, {"fields": {"body": "Message by Marc in thread 1", "sender": 3, "thread": 1, "sent_at": "2016-02-19T11:48:15.171"}, "model": "rest_messaging.message", "pk": 2}, {"fields": {"body": "Message by Marc in thread 1", "sender": 3, "thread": 1, "sent_at": "2016-02-19T11:48:15.171"}, "model": "rest_messaging.message", "pk": 3}, {"fields": {"body": "Message by Steve in thread 1", "sender": 2, "thread": 1, "sent_at": "2016-02-19T11:48:15.171"}, "model": "rest_messaging.message", "pk": 4}, {"fields": {"body": "Message by John in thread 1", "sender": 1, "thread": 1, "sent_at": "2016-02-19T11:48:15.171"}, "model": "rest_messaging.message", "pk": 5}, {"fields": {"body": "Message by John in thread 1", "sender": 1, "thread": 1, "sent_at": "2016-02-19T11:48:15.171"}, "model": "rest_messaging.message", "pk": 6}, {"fields": {"body": "Message by Marc in thread 1", "sender": 3, "thread": 1, "sent_at": "2016-02-19T11:48:15.171"}, "model": "rest_messaging.message", "pk": 7}, {"fields": {"body": "Message by Steve in thread 1", "sender": 2, "thread": 1, "sent_at": "2016-02-19T11:48:15.171"}, "model": "rest_messaging.message", "pk": 8}, {"fields": {"body": "Message by Steve in thread 1", "sender": 2, "thread": 1, "sent_at": "2016-02-19T11:48:15.172"}, "model": "rest_messaging.message", "pk": 9}, {"fields": {"body": "Message by Marc in thread 1", "sender": 3, "thread": 1, "sent_at": "2016-02-19T11:48:15.172"}, "model": "rest_messaging.message", "pk": 10}, {"fields": {"body": "Message by Marc in thread 1", "sender": 3, "thread": 1, "sent_at": "2016-02-19T11:48:15.172"}, "model": "rest_messaging.message", "pk": 11}, {"fields": {"body": "Message by John in thread 1", "sender": 1, "thread": 1, "sent_at": "2016-02-19T11:48:15.172"}, "model": "rest_messaging.message", "pk": 12}, {"fields": {"body": "Message by Marc in thread 1", "sender": 3, "thread": 1, "sent_at": "2016-02-19T11:48:15.172"}, "model": "rest_messaging.message", "pk": 13}, {"fields": {"body": "Message by Marc in thread 1", "sender": 3, "thread": 1, "sent_at": "2016-02-19T11:48:15.172"}, "model": "rest_messaging.message", "pk": 14}, {"fields": {"body": "Message by Marc in thread 1", "sender": 3, "thread": 1, "sent_at": "2016-02-19T11:48:15.172"}, "model": "rest_messaging.message", "pk": 15}, {"fields": {"body": "Message by Steve in thread 1", "sender": 2, "thread": 1, "sent_at": "2016-02-19T11:48:15.172"}, "model": "rest_messaging.message", "pk": 16}, {"fields": {"body": "Message by Marc in thread 1", "sender": 3, "thread": 1, "sent_at": "2016-02-19T11:48:15.172"}, "model": "rest_messaging.message", "pk": 17}, {"fields": {"body": "Message by Marc in thread 1", "sender": 3, "thread": 1, "sent_at": "2016-02-19T11:48:15.172"}, "model": "rest_messaging.message", "pk": 18}, {"fields": {"body": "Message by John in thread 1", "sender": 1, "thread": 1, "sent_at": "2016-02-19T11:48:15.172"}, "model": "rest_messaging.message", "pk": 19}, {"fields": {"body": "Message by John in thread 1", "sender": 1, "thread": 1, "sent_at": "2016-02-19T11:48:15.172"}, "model": "rest_messaging.message", "pk": 20}, {"fields": {"body": "Message by Steve in thread 1", "sender": 2, "thread": 1, "sent_at": "2016-02-19T11:48:15.172"}, "model": "rest_messaging.message", "pk": 21}, {"fields": {"body": "Message by Marc in thread 1", "sender": 3, "thread": 1, "sent_at": "2016-02-19T11:48:15.172"}, "model": "rest_messaging.message", "pk": 22}, {"fields": {"body": "Message by Marc in thread 1", "sender": 3, "thread": 1, "sent_at": "2016-02-19T11:48:15.172"}, "model": "rest_messaging.message", "pk": 23}, {"fields": {"body": "Message by Marc in thread 1", "sender": 3, "thread": 1, "sent_at": "2016-02-19T11:48:15.172"}, "model": "rest_messaging.message", "pk": 24}, {"fields": {"body": "Message by John in thread 1", "sender": 1, "thread": 1, "sent_at": "2016-02-19T11:48:15.172"}, "model": "rest_messaging.message", "pk": 25}, {"fields": {"body": "Message by Steve in thread 1", "sender": 2, "thread": 1, "sent_at": "2016-02-19T11:48:15.172"}, "model": "rest_messaging.message", "pk": 26}, {"fields": {"body": "Message by John in thread 1", "sender": 1, "thread": 1, "sent_at": "2016-02-19T11:48:15.173"}, "model": "rest_messaging.message", "pk": 27}, {"fields": {"body": "Message by Marc in thread 1", "sender": 3, "thread": 1, "sent_at": "2016-02-19T11:48:15.173"}, "model": "rest_messaging.message", "pk": 28}, {"fields": {"body": "Message by John in thread 1", "sender": 1, "thread": 1, "sent_at": "2016-02-19T11:48:15.173"}, "model": "rest_messaging.message", "pk": 29}, {"fields": {"body": "Message by John in thread 1", "sender": 1, "thread": 1, "sent_at": "2016-02-19T11:48:15.173"}, "model": "rest_messaging.message", "pk": 30}, {"fields": {"body": "Message by Steve in thread 1", "sender": 2, "thread": 1, "sent_at": "2016-02-19T11:48:15.173"}, "model": "rest_messaging.message", "pk": 31}, {"fields": {"body": "Message by John in thread 1", "sender": 1, "thread": 1, "sent_at": "2016-02-19T11:48:15.173"}, "model": "rest_messaging.message", "pk": 32}, {"fields": {"body": "Message by Marc in thread 1", "sender": 3, "thread": 1, "sent_at": "2016-02-19T11:48:15.173"}, "model": "rest_messaging.message", "pk": 33}, {"fields": {"body": "Message by Marc in thread 1", "sender": 3, "thread": 1, "sent_at": "2016-02-19T11:48:15.173"}, "model": "rest_messaging.message", "pk": 34}, {"fields": {"body": "Message by John in thread 1", "sender": 1, "thread": 1, "sent_at": "2016-02-19T11:48:15.173"}, "model": "rest_messaging.message", "pk": 35}, {"fields": {"body": "Message by John in thread 1", "sender": 1, "thread": 1, "sent_at": "2016-02-19T11:48:15.173"}, "model": "rest_messaging.message", "pk": 36}, {"fields": {"body": "Message by John in thread 1", "sender": 1, "thread": 1, "sent_at": "2016-02-19T11:48:15.173"}, "model": "rest_messaging.message", "pk": 37}, {"fields": {"body": "Message by Steve in thread 1", "sender": 2, "thread": 1, "sent_at": "2016-02-19T11:48:15.173"}, "model": "rest_messaging.message", "pk": 38}, {"fields": {"body": "Message by Marc in thread 1", "sender": 3, "thread": 1, "sent_at": "2016-02-19T11:48:15.173"}, "model": "rest_messaging.message", "pk": 39}, {"fields": {"body": "Message by John in thread 1", "sender": 1, "thread": 1, "sent_at": "2016-02-19T11:48:15.173"}, "model": "rest_messaging.message", "pk": 40}, {"fields": {"body": "Message by Marc in thread 1", "sender": 3, "thread": 1, "sent_at": "2016-02-19T11:48:15.173"}, "model": "rest_messaging.message", "pk": 41}, {"fields": {"body": "Message by Marc in thread 1", "sender": 3, "thread": 1, "sent_at": "2016-02-19T11:48:15.173"}, "model": "rest_messaging.message", "pk": 42}, {"fields": {"body": "Message by John in thread 1", "sender": 1, "thread": 1, "sent_at": "2016-02-19T11:48:15.173"}, "model": "rest_messaging.message", "pk": 43}, {"fields": {"body": "Message by Marc in thread 1", "sender": 3, "thread": 1, "sent_at": "2016-02-19T11:48:15.173"}, "model": "rest_messaging.message", "pk": 44}, {"fields": {"body": "Message by Steve in thread 1", "sender": 2, "thread": 1, "sent_at": "2016-02-19T11:48:15.173"}, "model": "rest_messaging.message", "pk": 45}, {"fields": {"body": "Message by Marc in thread 1", "sender": 3, "thread": 1, "sent_at": "2016-02-19T11:48:15.174"}, "model": "rest_messaging.message", "pk": 46}, {"fields": {"body": "Message by Marc in thread 1", "sender": 3, "thread": 1, "sent_at": "2016-02-19T11:48:15.174"}, "model": "rest_messaging.message", "pk": 47}, {"fields": {"body": "Message by Marc in thread 1", "sender": 3, "thread": 1, "sent_at": "2016-02-19T11:48:15.174"}, "model": "rest_messaging.message", "pk": 48}, {"fields": {"body": "Message by Marc in thread 1", "sender": 3, "thread": 1, "sent_at": "2016-02-19T11:48:15.174"}, "model": "rest_messaging.message", "pk": 49}, {"fields": {"body": "Message by Steve in thread 1", "sender": 2, "thread": 1, "sent_at": "2016-02-19T11:48:15.174"}, "model": "rest_messaging.message", "pk": 50}, {"fields": {"body": "Message by John in thread 1", "sender": 1, "thread": 1, "sent_at": "2016-02-19T11:48:15.174"}, "model": "rest_messaging.message", "pk": 51}, {"fields": {"body": "Message by Marc in thread 1", "sender": 3, "thread": 1, "sent_at": "2016-02-19T11:48:15.174"}, "model": "rest_messaging.message", "pk": 52}, {"fields": {"body": "Message by Marc in thread 1", "sender": 3, "thread": 1, "sent_at": "2016-02-19T11:48:15.174"}, "model": "rest_messaging.message", "pk": 53}, {"fields": {"body": "Message by Marc in thread 1", "sender": 3, "thread": 1, "sent_at": "2016-02-19T11:48:15.174"}, "model": "rest_messaging.message", "pk": 54}, {"fields": {"body": "Message by John in thread 1", "sender": 1, "thread": 1, "sent_at": "2016-02-19T11:48:15.174"}, "model": "rest_messaging.message", "pk": 55}, {"fields": {"body": "Message by John in thread 1", "sender": 1, "thread": 1, "sent_at": "2016-02-19T11:48:15.174"}, "model": "rest_messaging.message", "pk": 56}, {"fields": {"body": "Message by John in thread 1", "sender": 1, "thread": 1, "sent_at": "2016-02-19T11:48:15.174"}, "model": "rest_messaging.message", "pk": 57}, {"fields": {"body": "Message by Marc in thread 1", "sender": 3, "thread": 1, "sent_at": "2016-02-19T11:48:15.174"}, "model": "rest_messaging.message", "pk": 58}, {"fields": {"body": "Message by John in thread 1", "sender": 1, "thread": 1, "sent_at": "2016-02-19T11:48:15.174"}, "model": "rest_messaging.message", "pk": 59}, {"fields": {"body": "Message by John in thread 1", "sender": 1, "thread": 1, "sent_at": "2016-02-19T11:48:15.174"}, "model": "rest_messaging.message", "pk": 60}, {"fields": {"body": "Message by Marc in thread 1", "sender": 3, "thread": 1, "sent_at": "2016-02-19T11:48:15.174"}, "model": "rest_messaging.message", "pk": 61}, {"fields": {"body": "Message by Steve in thread 1", "sender": 2, "thread": 1, "sent_at": "2016-02-19T11:48:15.174"}, "model": "rest_messaging.message", "pk": 62}, {"fields": {"body": "Message by Marc in thread 1", "sender": 3, "thread": 1, "sent_at": "2016-02-19T11:48:15.174"}, "model": "rest_messaging.message", "pk": 63}, {"fields": {"body": "Message by Steve in thread 1", "sender": 2, "thread": 1, "sent_at": "2016-02-19T11:48:15.174"}, "model": "rest_messaging.message", "pk": 64}, {"fields": {"body": "Message by John in thread 1", "sender": 1, "thread": 1, "sent_at": "2016-02-19T11:48:15.174"}, "model": "rest_messaging.message", "pk": 65}, {"fields": {"body": "Message by Steve in thread 1", "sender": 2, "thread": 1, "sent_at": "2016-02-19T11:48:15.175"}, "model": "rest_messaging.message", "pk": 66}, {"fields": {"body": "Message by Marc in thread 1", "sender": 3, "thread": 1, "sent_at": "2016-02-19T11:48:15.175"}, "model": "rest_messaging.message", "pk": 67}, {"fields": {"body": "Message by John in thread 1", "sender": 1, "thread": 1, "sent_at": "2016-02-19T11:48:15.175"}, "model": "rest_messaging.message", "pk": 68}, {"fields": {"body": "Message by Marc in thread 1", "sender": 3, "thread": 1, "sent_at": "2016-02-19T11:48:15.175"}, "model": "rest_messaging.message", "pk": 69}, {"fields": {"body": "Message by Marc in thread 1", "sender": 3, "thread": 1, "sent_at": "2016-02-19T11:48:15.175"}, "model": "rest_messaging.message", "pk": 70}, {"fields": {"body": "Message by Steve in thread 1", "sender": 2, "thread": 1, "sent_at": "2016-02-19T11:48:15.175"}, "model": "rest_messaging.message", "pk": 71}, {"fields": {"body": "Message by John in thread 1", "sender": 1, "thread": 1, "sent_at": "2016-02-19T11:48:15.175"}, "model": "rest_messaging.message", "pk": 72}, {"fields": {"body": "Message by John in thread 1", "sender": 1, "thread": 1, "sent_at": "2016-02-19T11:48:15.175"}, "model": "rest_messaging.message", "pk": 73}, {"fields": {"body": "Message by Marc in thread 1", "sender": 3, "thread": 1, "sent_at": "2016-02-19T11:48:15.175"}, "model": "rest_messaging.message", "pk": 74}, {"fields": {"body": "Message by Steve in thread 1", "sender": 2, "thread": 1, "sent_at": "2016-02-19T11:48:15.175"}, "model": "rest_messaging.message", "pk": 75}, {"fields": {"body": "Message by Steve in thread 1", "sender": 2, "thread": 1, "sent_at": "2016-02-19T11:48:15.175"}, "model": "rest_messaging.message", "pk": 76}, {"fields": {"body": "Message by Marc in thread 1", "sender": 3, "thread": 1, "sent_at": "2016-02-19T11:48:15.175"}, "model": "rest_messaging.message", "pk": 77}, {"fields": {"body": "Message by Steve in thread 1", "sender": 2, "thread": 1, "sent_at": "2016-02-19T11:48:15.175"}, "model": "rest_messaging.message", "pk": 78}, {"fields": {"body": "Message by Steve in thread 1", "sender": 2, "thread": 1, "sent_at": "2016-02-19T11:48:15.175"}, "model": "rest_messaging.message", "pk": 79}, {"fields": {"body": "Message by John in thread 1", "sender": 1, "thread": 1, "sent_at": "2016-02-19T11:48:15.175"}, "model": "rest_messaging.message", "pk": 80}, {"fields": {"body": "Message by Marc in thread 1", "sender": 3, "thread": 1, "sent_at": "2016-02-19T11:48:15.175"}, "model": "rest_messaging.message", "pk": 81}, {"fields": {"body": "Message by John in thread 1", "sender": 1, "thread": 1, "sent_at": "2016-02-19T11:48:15.175"}, "model": "rest_messaging.message", "pk": 82}, {"fields": {"body": "Message by Marc in thread 1", "sender": 3, "thread": 1, "sent_at": "2016-02-19T11:48:15.175"}, "model": "rest_messaging.message", "pk": 83}, {"fields": {"body": "Message by Steve in thread 1", "sender": 2, "thread": 1, "sent_at": "2016-02-19T11:48:15.175"}, "model": "rest_messaging.message", "pk": 84}, {"fields": {"body": "Message by Steve in thread 1", "sender": 2, "thread": 1, "sent_at": "2016-02-19T11:48:15.176"}, "model": "rest_messaging.message", "pk": 85}, {"fields": {"body": "Message by John in thread 1", "sender": 1, "thread": 1, "sent_at": "2016-02-19T11:48:15.176"}, "model": "rest_messaging.message", "pk": 86}, {"fields": {"body": "Message by Marc in thread 1", "sender": 3, "thread": 1, "sent_at": "2016-02-19T11:48:15.176"}, "model": "rest_messaging.message", "pk": 87}, {"fields": {"body": "Message by Steve in thread 1", "sender": 2, "thread": 1, "sent_at": "2016-02-19T11:48:15.176"}, "model": "rest_messaging.message", "pk": 88}, {"fields": {"body": "Message by Marc in thread 1", "sender": 3, "thread": 1, "sent_at": "2016-02-19T11:48:15.176"}, "model": "rest_messaging.message", "pk": 89}, {"fields": {"body": "Message by Marc in thread 1", "sender": 3, "thread": 1, "sent_at": "2016-02-19T11:48:15.176"}, "model": "rest_messaging.message", "pk": 90}, {"fields": {"body": "Message by John in thread 1", "sender": 1, "thread": 1, "sent_at": "2016-02-19T11:48:15.176"}, "model": "rest_messaging.message", "pk": 91}, {"fields": {"body": "Message by John in thread 1", "sender": 1, "thread": 1, "sent_at": "2016-02-19T11:48:15.176"}, "model": "rest_messaging.message", "pk": 92}, {"fields": {"body": "Message by John in thread 1", "sender": 1, "thread": 1, "sent_at": "2016-02-19T11:48:15.176"}, "model": "rest_messaging.message", "pk": 93}, {"fields": {"body": "Message by John in thread 1", "sender": 1, "thread": 1, "sent_at": "2016-02-19T11:48:15.176"}, "model": "rest_messaging.message", "pk": 94}, {"fields": {"body": "Message by John in thread 1", "sender": 1, "thread": 1, "sent_at": "2016-02-19T11:48:15.176"}, "model": "rest_messaging.message", "pk": 95}, {"fields": {"body": "Message by John in thread 1", "sender": 1, "thread": 1, "sent_at": "2016-02-19T11:48:15.176"}, "model": "rest_messaging.message", "pk": 96}, {"fields": {"body": "Message by Steve in thread 1", "sender": 2, "thread": 1, "sent_at": "2016-02-19T11:48:15.176"}, "model": "rest_messaging.message", "pk": 97}, {"fields": {"body": "Message by Steve in thread 1", "sender": 2, "thread": 1, "sent_at": "2016-02-19T11:48:15.176"}, "model": "rest_messaging.message", "pk": 98}, {"fields": {"body": "Message by Steve in thread 1", "sender": 2, "thread": 1, "sent_at": "2016-02-19T11:48:15.176"}, "model": "rest_messaging.message", "pk": 99}, {"fields": {"body": "Message by Steve in thread 1", "sender": 2, "thread": 1, "sent_at": "2016-02-19T11:48:15.176"}, "model": "rest_messaging.message", "pk": 100}, {"fields": {"body": "Message by John in thread 1", "sender": 1, "thread": 1, "sent_at": "2016-02-19T11:48:15.176"}, "model": "rest_messaging.message", "pk": 101}, {"fields": {"body": "Message by John in thread 1", "sender": 1, "thread": 1, "sent_at": "2016-02-19T11:48:15.176"}, "model": "rest_messaging.message", "pk": 102}, {"fields": {"body": "Message by Steve in thread 1", "sender": 2, "thread": 1, "sent_at": "2016-02-19T11:48:15.176"}, "model": "rest_messaging.message", "pk": 103}, {"fields": {"body": "Message by Steve in thread 1", "sender": 2, "thread": 1, "sent_at": "2016-02-19T11:48:15.176"}, "model": "rest_messaging.message", "pk": 104}, {"fields": {"body": "Message by John in thread 1", "sender": 1, "thread": 1, "sent_at": "2016-02-19T11:48:15.177"}, "model": "rest_messaging.message", "pk": 105}, {"fields": {"body": "Message by John in thread 1", "sender": 1, "thread": 1, "sent_at": "2016-02-19T11:48:15.177"}, "model": "rest_messaging.message", "pk": 106}, {"fields": {"body": "Message by John in thread 1", "sender": 1, "thread": 1, "sent_at": "2016-02-19T11:48:15.177"}, "model": "rest_messaging.message", "pk": 107}, {"fields": {"body": "Message by John in thread 1", "sender": 1, "thread": 1, "sent_at": "2016-02-19T11:48:15.177"}, "model": "rest_messaging.message", "pk": 108}, {"fields": {"body": "Message by Steve in thread 1", "sender": 2, "thread": 1, "sent_at": "2016-02-19T11:48:15.177"}, "model": "rest_messaging.message", "pk": 109}, {"fields": {"body": "Message by Steve in thread 1", "sender": 2, "thread": 1, "sent_at": "2016-02-19T11:48:15.177"}, "model": "rest_messaging.message", "pk": 110}, {"fields": {"body": "Message by John in thread 1", "sender": 1, "thread": 1, "sent_at": "2016-02-19T11:48:15.177"}, "model": "rest_messaging.message", "pk": 111}, {"fields": {"body": "Message by John in thread 1", "sender": 1, "thread": 1, "sent_at": "2016-02-19T11:48:15.177"}, "model": "rest_messaging.message", "pk": 112}, {"fields": {"body": "Message by John in thread 1", "sender": 1, "thread": 1, "sent_at": "2016-02-19T11:48:15.177"}, "model": "rest_messaging.message", "pk": 113}, {"fields": {"body": "Message by Marc in thread 1", "sender": 3, "thread": 1, "sent_at": "2016-02-19T11:48:15.177"}, "model": "rest_messaging.message", "pk": 114}, {"fields": {"body": "Message by Steve in thread 1", "sender": 2, "thread": 1, "sent_at": "2016-02-19T11:48:15.177"}, "model": "rest_messaging.message", "pk": 115}, {"fields": {"body": "Message by Marc in thread 1", "sender": 3, "thread": 1, "sent_at": "2016-02-19T11:48:15.177"}, "model": "rest_messaging.message", "pk": 116}, {"fields": {"body": "Message by Steve in thread 1", "sender": 2, "thread": 1, "sent_at": "2016-02-19T11:48:15.177"}, "model": "rest_messaging.message", "pk": 117}, {"fields": {"body": "Message by John in thread 1", "sender": 1, "thread": 1, "sent_at": "2016-02-19T11:48:15.177"}, "model": "rest_messaging.message", "pk": 118}, {"fields": {"body": "Message by Steve in thread 1", "sender": 2, "thread": 1, "sent_at": "2016-02-19T11:48:15.177"}, "model": "rest_messaging.message", "pk": 119}, {"fields": {"body": "Message by John in thread 1", "sender": 1, "thread": 1, "sent_at": "2016-02-19T11:48:15.177"}, "model": "rest_messaging.message", "pk": 120}, {"fields": {"body": "Message by John in thread 1", "sender": 1, "thread": 1, "sent_at": "2016-02-19T11:48:15.177"}, "model": "rest_messaging.message", "pk": 121}, {"fields": {"body": "Message by Marc in thread 1", "sender": 3, "thread": 1, "sent_at": "2016-02-19T11:48:15.177"}, "model": "rest_messaging.message", "pk": 122}, {"fields": {"body": "Message by Marc in thread 1", "sender": 3, "thread": 1, "sent_at": "2016-02-19T11:48:15.177"}, "model": "rest_messaging.message", "pk": 123}, {"fields": {"body": "Message by Steve in thread 1", "sender": 2, "thread": 1, "sent_at": "2016-02-19T11:48:15.178"}, "model": "rest_messaging.message", "pk": 124}, {"fields": {"body": "Message by Marc in thread 1", "sender": 3, "thread": 1, "sent_at": "2016-02-19T11:48:15.178"}, "model": "rest_messaging.message", "pk": 125}, {"fields": {"body": "Message by Steve in thread 1", "sender": 2, "thread": 1, "sent_at": "2016-02-19T11:48:15.178"}, "model": "rest_messaging.message", "pk": 126}, {"fields": {"body": "Message by Marc in thread 1", "sender": 3, "thread": 1, "sent_at": "2016-02-19T11:48:15.178"}, "model": "rest_messaging.message", "pk": 127}, {"fields": {"body": "Message by Steve in thread 1", "sender": 2, "thread": 1, "sent_at": "2016-02-19T11:48:15.178"}, "model": "rest_messaging.message", "pk": 128}, {"fields": {"body": "Message by John in thread 1", "sender": 1, "thread": 1, "sent_at": "2016-02-19T11:48:15.178"}, "model": "rest_messaging.message", "pk": 129}, {"fields": {"body": "Message by Marc in thread 1", "sender": 3, "thread": 1, "sent_at": "2016-02-19T11:48:15.178"}, "model": "rest_messaging.message", "pk": 130}, {"fields": {"body": "Message by Steve in thread 1", "sender": 2, "thread": 1, "sent_at": "2016-02-19T11:48:15.178"}, "model": "rest_messaging.message", "pk": 131}, {"fields": {"body": "Message by Steve in thread 1", "sender": 2, "thread": 1, "sent_at": "2016-02-19T11:48:15.178"}, "model": "rest_messaging.message", "pk": 132}, {"fields": {"body": "Message by Marc in thread 1", "sender": 3, "thread": 1, "sent_at": "2016-02-19T11:48:15.178"}, "model": "rest_messaging.message", "pk": 133}, {"fields": {"body": "Message by Marc in thread 1", "sender": 3, "thread": 1, "sent_at": "2016-02-19T11:48:15.178"}, "model": "rest_messaging.message", "pk": 134}, {"fields": {"body": "Message by John in thread 1", "sender": 1, "thread": 1, "sent_at": "2016-02-19T11:48:15.178"}, "model": "rest_messaging.message", "pk": 135}, {"fields": {"body": "Message by Steve in thread 1", "sender": 2, "thread": 1, "sent_at": "2016-02-19T11:48:15.178"}, "model": "rest_messaging.message", "pk": 136}, {"fields": {"body": "Message by Steve in thread 1", "sender": 2, "thread": 1, "sent_at": "2016-02-19T11:48:15.178"}, "model": "rest_messaging.message", "pk": 137}, {"fields": {"body": "Message by Marc in thread 1", "sender": 3, "thread": 1, "sent_at": "2016-02-19T11:48:15.178"}, "model": "rest_messaging.message", "pk": 138}, {"fields": {"body": "Message by Steve in thread 1", "sender": 2, "thread": 1, "sent_at": "2016-02-19T11:48:15.178"}, "model": "rest_messaging.message", "pk": 139}, {"fields": {"body": "Message by John in thread 1", "sender": 1, "thread": 1, "sent_at": "2016-02-19T11:48:15.178"}, "model": "rest_messaging.message", "pk": 140}, {"fields": {"body": "Message by John in thread 1", "sender": 1, "thread": 1, "sent_at": "2016-02-19T11:48:15.178"}, "model": "rest_messaging.message", "pk": 141}, {"fields": {"body": "Message by Steve in thread 1", "sender": 2, "thread": 1, "sent_at": "2016-02-19T11:48:15.178"}, "model": "rest_messaging.message", "pk": 142}, {"fields": {"body": "Message by John in thread 1", "sender": 1, "thread": 1, "sent_at": "2016-02-19T11:48:15.178"}, "model": "rest_messaging.message", "pk": 143}, {"fields": {"body": "Message by Steve in thread 1", "sender": 2, "thread": 1, "sent_at": "2016-02-19T11:48:15.179"}, "model": "rest_messaging.message", "pk": 144}, {"fields": {"body": "Message by John in thread 1", "sender": 1, "thread": 1, "sent_at": "2016-02-19T11:48:15.179"}, "model": "rest_messaging.message", "pk": 145}, {"fields": {"body": "Message by Marc in thread 1", "sender": 3, "thread": 1, "sent_at": "2016-02-19T11:48:15.179"}, "model": "rest_messaging.message", "pk": 146}, {"fields": {"body": "Message by Steve in thread 1", "sender": 2, "thread": 1, "sent_at": "2016-02-19T11:48:15.179"}, "model": "rest_messaging.message", "pk": 147}, {"fields": {"body": "Message by John in thread 1", "sender": 1, "thread": 1, "sent_at": "2016-02-19T11:48:15.179"}, "model": "rest_messaging.message", "pk": 148}, {"fields": {"body": "Message by John in thread 1", "sender": 1, "thread": 1, "sent_at": "2016-02-19T11:48:15.179"}, "model": "rest_messaging.message", "pk": 149}, {"fields": {"body": "Message by Steve in thread 1", "sender": 2, "thread": 1, "sent_at": "2016-02-19T11:48:15.179"}, "model": "rest_messaging.message", "pk": 150}, {"fields": {"body": "Message by John in thread 2", "sender": 1, "thread": 2, "sent_at": "2016-02-19T11:48:15.179"}, "model": "rest_messaging.message", "pk": 151}, {"fields": {"body": "Message by John in thread 2", "sender": 1, "thread": 2, "sent_at": "2016-02-19T11:48:15.179"}, "model": "rest_messaging.message", "pk": 152}, {"fields": {"body": "Message by Marc in thread 2", "sender": 3, "thread": 2, "sent_at": "2016-02-19T11:48:15.179"}, "model": "rest_messaging.message", "pk": 153}, {"fields": {"body": "Message by Steve in thread 2", "sender": 2, "thread": 2, "sent_at": "2016-02-19T11:48:15.179"}, "model": "rest_messaging.message", "pk": 154}, {"fields": {"body": "Message by John in thread 2", "sender": 1, "thread": 2, "sent_at": "2016-02-19T11:48:15.179"}, "model": "rest_messaging.message", "pk": 155}, {"fields": {"body": "Message by John in thread 2", "sender": 1, "thread": 2, "sent_at": "2016-02-19T11:48:15.179"}, "model": "rest_messaging.message", "pk": 156}, {"fields": {"body": "Message by Steve in thread 2", "sender": 2, "thread": 2, "sent_at": "2016-02-19T11:48:15.179"}, "model": "rest_messaging.message", "pk": 157}, {"fields": {"body": "Message by John in thread 2", "sender": 1, "thread": 2, "sent_at": "2016-02-19T11:48:15.179"}, "model": "rest_messaging.message", "pk": 158}, {"fields": {"body": "Message by Steve in thread 2", "sender": 2, "thread": 2, "sent_at": "2016-02-19T11:48:15.179"}, "model": "rest_messaging.message", "pk": 159}, {"fields": {"body": "Message by John in thread 2", "sender": 1, "thread": 2, "sent_at": "2016-02-19T11:48:15.179"}, "model": "rest_messaging.message", "pk": 160}, {"fields": {"body": "Message by John in thread 2", "sender": 1, "thread": 2, "sent_at": "2016-02-19T11:48:15.179"}, "model": "rest_messaging.message", "pk": 161}, {"fields": {"body": "Message by John in thread 2", "sender": 1, "thread": 2, "sent_at": "2016-02-19T11:48:15.179"}, "model": "rest_messaging.message", "pk": 162}, {"fields": {"body": "Message by John in thread 2", "sender": 1, "thread": 2, "sent_at": "2016-02-19T11:48:15.180"}, "model": "rest_messaging.message", "pk": 163}, {"fields": {"body": "Message by Marc in thread 2", "sender": 3, "thread": 2, "sent_at": "2016-02-19T11:48:15.180"}, "model": "rest_messaging.message", "pk": 164}, {"fields": {"body": "Message by John in thread 2", "sender": 1, "thread": 2, "sent_at": "2016-02-19T11:48:15.180"}, "model": "rest_messaging.message", "pk": 165}, {"fields": {"body": "Message by John in thread 2", "sender": 1, "thread": 2, "sent_at": "2016-02-19T11:48:15.180"}, "model": "rest_messaging.message", "pk": 166}, {"fields": {"body": "Message by Steve in thread 2", "sender": 2, "thread": 2, "sent_at": "2016-02-19T11:48:15.180"}, "model": "rest_messaging.message", "pk": 167}, {"fields": {"body": "Message by Marc in thread 2", "sender": 3, "thread": 2, "sent_at": "2016-02-19T11:48:15.180"}, "model": "rest_messaging.message", "pk": 168}, {"fields": {"body": "Message by Steve in thread 2", "sender": 2, "thread": 2, "sent_at": "2016-02-19T11:48:15.180"}, "model": "rest_messaging.message", "pk": 169}, {"fields": {"body": "Message by Marc in thread 2", "sender": 3, "thread": 2, "sent_at": "2016-02-19T11:48:15.180"}, "model": "rest_messaging.message", "pk": 170}, {"fields": {"body": "Message by John in thread 2", "sender": 1, "thread": 2, "sent_at": "2016-02-19T11:48:15.180"}, "model": "rest_messaging.message", "pk": 171}, {"fields": {"body": "Message by John in thread 2", "sender": 1, "thread": 2, "sent_at": "2016-02-19T11:48:15.180"}, "model": "rest_messaging.message", "pk": 172}, {"fields": {"body": "Message by Steve in thread 2", "sender": 2, "thread": 2, "sent_at": "2016-02-19T11:48:15.180"}, "model": "rest_messaging.message", "pk": 173}, {"fields": {"body": "Message by Marc in thread 2", "sender": 3, "thread": 2, "sent_at": "2016-02-19T11:48:15.180"}, "model": "rest_messaging.message", "pk": 174}, {"fields": {"body": "Message by Steve in thread 2", "sender": 2, "thread": 2, "sent_at": "2016-02-19T11:48:15.180"}, "model": "rest_messaging.message", "pk": 175}, {"fields": {"body": "Message by Steve in thread 2", "sender": 2, "thread": 2, "sent_at": "2016-02-19T11:48:15.180"}, "model": "rest_messaging.message", "pk": 176}, {"fields": {"body": "Message by Steve in thread 2", "sender": 2, "thread": 2, "sent_at": "2016-02-19T11:48:15.180"}, "model": "rest_messaging.message", "pk": 177}, {"fields": {"body": "Message by John in thread 2", "sender": 1, "thread": 2, "sent_at": "2016-02-19T11:48:15.180"}, "model": "rest_messaging.message", "pk": 178}, {"fields": {"body": "Message by Steve in thread 2", "sender": 2, "thread": 2, "sent_at": "2016-02-19T11:48:15.180"}, "model": "rest_messaging.message", "pk": 179}, {"fields": {"body": "Message by Marc in thread 2", "sender": 3, "thread": 2, "sent_at": "2016-02-19T11:48:15.180"}, "model": "rest_messaging.message", "pk": 180}, {"fields": {"body": "Message by Steve in thread 2", "sender": 2, "thread": 2, "sent_at": "2016-02-19T11:48:15.180"}, "model": "rest_messaging.message", "pk": 181}, {"fields": {"body": "Message by Marc in thread 2", "sender": 3, "thread": 2, "sent_at": "2016-02-19T11:48:15.180"}, "model": "rest_messaging.message", "pk": 182}, {"fields": {"body": "Message by John in thread 2", "sender": 1, "thread": 2, "sent_at": "2016-02-19T11:48:15.181"}, "model": "rest_messaging.message", "pk": 183}, {"fields": {"body": "Message by John in thread 2", "sender": 1, "thread": 2, "sent_at": "2016-02-19T11:48:15.181"}, "model": "rest_messaging.message", "pk": 184}, {"fields": {"body": "Message by John in thread 2", "sender": 1, "thread": 2, "sent_at": "2016-02-19T11:48:15.181"}, "model": "rest_messaging.message", "pk": 185}, {"fields": {"body": "Message by John in thread 2", "sender": 1, "thread": 2, "sent_at": "2016-02-19T11:48:15.181"}, "model": "rest_messaging.message", "pk": 186}, {"fields": {"body": "Message by Steve in thread 2", "sender": 2, "thread": 2, "sent_at": "2016-02-19T11:48:15.181"}, "model": "rest_messaging.message", "pk": 187}, {"fields": {"body": "Message by John in thread 2", "sender": 1, "thread": 2, "sent_at": "2016-02-19T11:48:15.181"}, "model": "rest_messaging.message", "pk": 188}, {"fields": {"body": "Message by Steve in thread 2", "sender": 2, "thread": 2, "sent_at": "2016-02-19T11:48:15.181"}, "model": "rest_messaging.message", "pk": 189}, {"fields": {"body": "Message by Steve in thread 2", "sender": 2, "thread": 2, "sent_at": "2016-02-19T11:48:15.181"}, "model": "rest_messaging.message", "pk": 190}, {"fields": {"body": "Message by Marc in thread 2", "sender": 3, "thread": 2, "sent_at": "2016-02-19T11:48:15.181"}, "model": "rest_messaging.message", "pk": 191}, {"fields": {"body": "Message by Steve in thread 2", "sender": 2, "thread": 2, "sent_at": "2016-02-19T11:48:15.181"}, "model": "rest_messaging.message", "pk": 192}, {"fields": {"body": "Message by Steve in thread 2", "sender": 2, "thread": 2, "sent_at": "2016-02-19T11:48:15.181"}, "model": "rest_messaging.message", "pk": 193}, {"fields": {"body": "Message by Marc in thread 2", "sender": 3, "thread": 2, "sent_at": "2016-02-19T11:48:15.181"}, "model": "rest_messaging.message", "pk": 194}, {"fields": {"body": "Message by John in thread 2", "sender": 1, "thread": 2, "sent_at": "2016-02-19T11:48:15.181"}, "model": "rest_messaging.message", "pk": 195}, {"fields": {"body": "Message by John in thread 2", "sender": 1, "thread": 2, "sent_at": "2016-02-19T11:48:15.181"}, "model": "rest_messaging.message", "pk": 196}, {"fields": {"body": "Message by Marc in thread 2", "sender": 3, "thread": 2, "sent_at": "2016-02-19T11:48:15.181"}, "model": "rest_messaging.message", "pk": 197}, {"fields": {"body": "Message by Steve in thread 2", "sender": 2, "thread": 2, "sent_at": "2016-02-19T11:48:15.182"}, "model": "rest_messaging.message", "pk": 198}, {"fields": {"body": "Message by Marc in thread 2", "sender": 3, "thread": 2, "sent_at": "2016-02-19T11:48:15.182"}, "model": "rest_messaging.message", "pk": 199}, {"fields": {"body": "Message by Steve in thread 2", "sender": 2, "thread": 2, "sent_at": "2016-02-19T11:48:15.182"}, "model": "rest_messaging.message", "pk": 200}, {"fields": {"body": "Message by Steve in thread 2", "sender": 2, "thread": 2, "sent_at": "2016-02-19T11:48:15.182"}, "model": "rest_messaging.message", "pk": 201}, {"fields": {"body": "Message by Marc in thread 2", "sender": 3, "thread": 2, "sent_at": "2016-02-19T11:48:15.182"}, "model": "rest_messaging.message", "pk": 202}, {"fields": {"body": "Message by John in thread 2", "sender": 1, "thread": 2, "sent_at": "2016-02-19T11:48:15.182"}, "model": "rest_messaging.message", "pk": 203}, {"fields": {"body": "Message by Marc in thread 2", "sender": 3, "thread": 2, "sent_at": "2016-02-19T11:48:15.182"}, "model": "rest_messaging.message", "pk": 204}, {"fields": {"body": "Message by Steve in thread 2", "sender": 2, "thread": 2, "sent_at": "2016-02-19T11:48:15.182"}, "model": "rest_messaging.message", "pk": 205}, {"fields": {"body": "Message by Steve in thread 2", "sender": 2, "thread": 2, "sent_at": "2016-02-19T11:48:15.182"}, "model": "rest_messaging.message", "pk": 206}, {"fields": {"body": "Message by Steve in thread 2", "sender": 2, "thread": 2, "sent_at": "2016-02-19T11:48:15.182"}, "model": "rest_messaging.message", "pk": 207}, {"fields": {"body": "Message by Marc in thread 2", "sender": 3, "thread": 2, "sent_at": "2016-02-19T11:48:15.182"}, "model": "rest_messaging.message", "pk": 208}, {"fields": {"body": "Message by John in thread 2", "sender": 1, "thread": 2, "sent_at": "2016-02-19T11:48:15.182"}, "model": "rest_messaging.message", "pk": 209}, {"fields": {"body": "Message by Marc in thread 2", "sender": 3, "thread": 2, "sent_at": "2016-02-19T11:48:15.182"}, "model": "rest_messaging.message", "pk": 210}, {"fields": {"body": "Message by Marc in thread 2", "sender": 3, "thread": 2, "sent_at": "2016-02-19T11:48:15.182"}, "model": "rest_messaging.message", "pk": 211}, {"fields": {"body": "Message by Steve in thread 2", "sender": 2, "thread": 2, "sent_at": "2016-02-19T11:48:15.182"}, "model": "rest_messaging.message", "pk": 212}, {"fields": {"body": "Message by Marc in thread 2", "sender": 3, "thread": 2, "sent_at": "2016-02-19T11:48:15.182"}, "model": "rest_messaging.message", "pk": 213}, {"fields": {"body": "Message by Steve in thread 2", "sender": 2, "thread": 2, "sent_at": "2016-02-19T11:48:15.182"}, "model": "rest_messaging.message", "pk": 214}, {"fields": {"body": "Message by John in thread 2", "sender": 1, "thread": 2, "sent_at": "2016-02-19T11:48:15.182"}, "model": "rest_messaging.message", "pk": 215}, {"fields": {"body": "Message by John in thread 2", "sender": 1, "thread": 2, "sent_at": "2016-02-19T11:48:15.182"}, "model": "rest_messaging.message", "pk": 216}, {"fields": {"body": "Message by John in thread 2", "sender": 1, "thread": 2, "sent_at": "2016-02-19T11:48:15.182"}, "model": "rest_messaging.message", "pk": 217}, {"fields": {"body": "Message by John in thread 2", "sender": 1, "thread": 2, "sent_at": "2016-02-19T11:48:15.183"}, "model": "rest_messaging.message", "pk": 218}, {"fields": {"body": "Message by John in thread 2", "sender": 1, "thread": 2, "sent_at": "2016-02-19T11:48:15.183"}, "model": "rest_messaging.message", "pk": 219}, {"fields": {"body": "Message by John in thread 2", "sender": 1, "thread": 2, "sent_at": "2016-02-19T11:48:15.183"}, "model": "rest_messaging.message", "pk": 220}, {"fields": {"body": "Message by John in thread 2", "sender": 1, "thread": 2, "sent_at": "2016-02-19T11:48:15.183"}, "model": "rest_messaging.message", "pk": 221}, {"fields": {"body": "Message by Marc in thread 2", "sender": 3, "thread": 2, "sent_at": "2016-02-19T11:48:15.183"}, "model": "rest_messaging.message", "pk": 222}, {"fields": {"body": "Message by John in thread 2", "sender": 1, "thread": 2, "sent_at": "2016-02-19T11:48:15.183"}, "model": "rest_messaging.message", "pk": 223}, {"fields": {"body": "Message by John in thread 2", "sender": 1, "thread": 2, "sent_at": "2016-02-19T11:48:15.183"}, "model": "rest_messaging.message", "pk": 224}, {"fields": {"body": "Message by Steve in thread 2", "sender": 2, "thread": 2, "sent_at": "2016-02-19T11:48:15.183"}, "model": "rest_messaging.message", "pk": 225}, {"fields": {"body": "Message by John in thread 2", "sender": 1, "thread": 2, "sent_at": "2016-02-19T11:48:15.183"}, "model": "rest_messaging.message", "pk": 226}, {"fields": {"body": "Message by Steve in thread 2", "sender": 2, "thread": 2, "sent_at": "2016-02-19T11:48:15.183"}, "model": "rest_messaging.message", "pk": 227}, {"fields": {"body": "Message by Steve in thread 2", "sender": 2, "thread": 2, "sent_at": "2016-02-19T11:48:15.183"}, "model": "rest_messaging.message", "pk": 228}, {"fields": {"body": "Message by Marc in thread 2", "sender": 3, "thread": 2, "sent_at": "2016-02-19T11:48:15.183"}, "model": "rest_messaging.message", "pk": 229}, {"fields": {"body": "Message by Steve in thread 2", "sender": 2, "thread": 2, "sent_at": "2016-02-19T11:48:15.183"}, "model": "rest_messaging.message", "pk": 230}, {"fields": {"body": "Message by Marc in thread 2", "sender": 3, "thread": 2, "sent_at": "2016-02-19T11:48:15.183"}, "model": "rest_messaging.message", "pk": 231}, {"fields": {"body": "Message by Marc in thread 2", "sender": 3, "thread": 2, "sent_at": "2016-02-19T11:48:15.183"}, "model": "rest_messaging.message", "pk": 232}, {"fields": {"body": "Message by Steve in thread 2", "sender": 2, "thread": 2, "sent_at": "2016-02-19T11:48:15.183"}, "model": "rest_messaging.message", "pk": 233}, {"fields": {"body": "Message by John in thread 2", "sender": 1, "thread": 2, "sent_at": "2016-02-19T11:48:15.183"}, "model": "rest_messaging.message", "pk": 234}, {"fields": {"body": "Message by Marc in thread 2", "sender": 3, "thread": 2, "sent_at": "2016-02-19T11:48:15.183"}, "model": "rest_messaging.message", "pk": 235}, {"fields": {"body": "Message by John in thread 2", "sender": 1, "thread": 2, "sent_at": "2016-02-19T11:48:15.183"}, "model": "rest_messaging.message", "pk": 236}, {"fields": {"body": "Message by John in thread 2", "sender": 1, "thread": 2, "sent_at": "2016-02-19T11:48:15.184"}, "model": "rest_messaging.message", "pk": 237}, {"fields": {"body": "Message by Marc in thread 2", "sender": 3, "thread": 2, "sent_at": "2016-02-19T11:48:15.184"}, "model": "rest_messaging.message", "pk": 238}, {"fields": {"body": "Message by John in thread 2", "sender": 1, "thread": 2, "sent_at": "2016-02-19T11:48:15.185"}, "model": "rest_messaging.message", "pk": 239}, {"fields": {"body": "Message by Marc in thread 2", "sender": 3, "thread": 2, "sent_at": "2016-02-19T11:48:15.185"}, "model": "rest_messaging.message", "pk": 240}, {"fields": {"body": "Message by Steve in thread 2", "sender": 2, "thread": 2, "sent_at": "2016-02-19T11:48:15.185"}, "model": "rest_messaging.message", "pk": 241}, {"fields": {"body": "Message by John in thread 2", "sender": 1, "thread": 2, "sent_at": "2016-02-19T11:48:15.185"}, "model": "rest_messaging.message", "pk": 242}, {"fields": {"body": "Message by Marc in thread 2", "sender": 3, "thread": 2, "sent_at": "2016-02-19T11:48:15.185"}, "model": "rest_messaging.message", "pk": 243}, {"fields": {"body": "Message by Marc in thread 2", "sender": 3, "thread": 2, "sent_at": "2016-02-19T11:48:15.185"}, "model": "rest_messaging.message", "pk": 244}, {"fields": {"body": "Message by Steve in thread 2", "sender": 2, "thread": 2, "sent_at": "2016-02-19T11:48:15.185"}, "model": "rest_messaging.message", "pk": 245}, {"fields": {"body": "Message by Marc in thread 2", "sender": 3, "thread": 2, "sent_at": "2016-02-19T11:48:15.185"}, "model": "rest_messaging.message", "pk": 246}, {"fields": {"body": "Message by Steve in thread 2", "sender": 2, "thread": 2, "sent_at": "2016-02-19T11:48:15.185"}, "model": "rest_messaging.message", "pk": 247}, {"fields": {"body": "Message by Steve in thread 2", "sender": 2, "thread": 2, "sent_at": "2016-02-19T11:48:15.185"}, "model": "rest_messaging.message", "pk": 248}, {"fields": {"body": "Message by Marc in thread 2", "sender": 3, "thread": 2, "sent_at": "2016-02-19T11:48:15.185"}, "model": "rest_messaging.message", "pk": 249}, {"fields": {"body": "Message by John in thread 2", "sender": 1, "thread": 2, "sent_at": "2016-02-19T11:48:15.194"}, "model": "rest_messaging.message", "pk": 250}, {"fields": {"body": "Message by John in thread 2", "sender": 1, "thread": 2, "sent_at": "2016-02-19T11:48:15.194"}, "model": "rest_messaging.message", "pk": 251}, {"fields": {"body": "Message by Marc in thread 2", "sender": 3, "thread": 2, "sent_at": "2016-02-19T11:48:15.194"}, "model": "rest_messaging.message", "pk": 252}, {"fields": {"body": "Message by Steve in thread 2", "sender": 2, "thread": 2, "sent_at": "2016-02-19T11:48:15.195"}, "model": "rest_messaging.message", "pk": 253}, {"fields": {"body": "Message by Steve in thread 2", "sender": 2, "thread": 2, "sent_at": "2016-02-19T11:48:15.195"}, "model": "rest_messaging.message", "pk": 254}, {"fields": {"body": "Message by John in thread 2", "sender": 1, "thread": 2, "sent_at": "2016-02-19T11:48:15.195"}, "model": "rest_messaging.message", "pk": 255}, {"fields": {"body": "Message by John in thread 2", "sender": 1, "thread": 2, "sent_at": "2016-02-19T11:48:15.195"}, "model": "rest_messaging.message", "pk": 256}, {"fields": {"body": "Message by John in thread 2", "sender": 1, "thread": 2, "sent_at": "2016-02-19T11:48:15.195"}, "model": "rest_messaging.message", "pk": 257}, {"fields": {"body": "Message by Marc in thread 2", "sender": 3, "thread": 2, "sent_at": "2016-02-19T11:48:15.195"}, "model": "rest_messaging.message", "pk": 258}, {"fields": {"body": "Message by Steve in thread 2", "sender": 2, "thread": 2, "sent_at": "2016-02-19T11:48:15.195"}, "model": "rest_messaging.message", "pk": 259}, {"fields": {"body": "Message by Steve in thread 2", "sender": 2, "thread": 2, "sent_at": "2016-02-19T11:48:15.195"}, "model": "rest_messaging.message", "pk": 260}, {"fields": {"body": "Message by Marc in thread 2", "sender": 3, "thread": 2, "sent_at": "2016-02-19T11:48:15.195"}, "model": "rest_messaging.message", "pk": 261}, {"fields": {"body": "Message by Marc in thread 2", "sender": 3, "thread": 2, "sent_at": "2016-02-19T11:48:15.195"}, "model": "rest_messaging.message", "pk": 262}, {"fields": {"body": "Message by John in thread 2", "sender": 1, "thread": 2, "sent_at": "2016-02-19T11:48:15.195"}, "model": "rest_messaging.message", "pk": 263}, {"fields": {"body": "Message by John in thread 2", "sender": 1, "thread": 2, "sent_at": "2016-02-19T11:48:15.195"}, "model": "rest_messaging.message", "pk": 264}, {"fields": {"body": "Message by Steve in thread 2", "sender": 2, "thread": 2, "sent_at": "2016-02-19T11:48:15.195"}, "model": "rest_messaging.message", "pk": 265}, {"fields": {"body": "Message by Steve in thread 2", "sender": 2, "thread": 2, "sent_at": "2016-02-19T11:48:15.195"}, "model": "rest_messaging.message", "pk": 266}, {"fields": {"body": "Message by Steve in thread 2", "sender": 2, "thread": 2, "sent_at": "2016-02-19T11:48:15.195"}, "model": "rest_messaging.message", "pk": 267}, {"fields": {"body": "Message by Steve in thread 2", "sender": 2, "thread": 2, "sent_at": "2016-02-19T11:48:15.195"}, "model": "rest_messaging.message", "pk": 268}, {"fields": {"body": "Message by John in thread 2", "sender": 1, "thread": 2, "sent_at": "2016-02-19T11:48:15.195"}, "model": "rest_messaging.message", "pk": 269}, {"fields": {"body": "Message by John in thread 2", "sender": 1, "thread": 2, "sent_at": "2016-02-19T11:48:15.195"}, "model": "rest_messaging.message", "pk": 270}, {"fields": {"body": "Message by Steve in thread 2", "sender": 2, "thread": 2, "sent_at": "2016-02-19T11:48:15.195"}, "model": "rest_messaging.message", "pk": 271}, {"fields": {"body": "Message by Marc in thread 2", "sender": 3, "thread": 2, "sent_at": "2016-02-19T11:48:15.196"}, "model": "rest_messaging.message", "pk": 272}, {"fields": {"body": "Message by Steve in thread 2", "sender": 2, "thread": 2, "sent_at": "2016-02-19T11:48:15.196"}, "model": "rest_messaging.message", "pk": 273}, {"fields": {"body": "Message by Marc in thread 2", "sender": 3, "thread": 2, "sent_at": "2016-02-19T11:48:15.196"}, "model": "rest_messaging.message", "pk": 274}, {"fields": {"body": "Message by Steve in thread 2", "sender": 2, "thread": 2, "sent_at": "2016-02-19T11:48:15.196"}, "model": "rest_messaging.message", "pk": 275}, {"fields": {"body": "Message by Steve in thread 2", "sender": 2, "thread": 2, "sent_at": "2016-02-19T11:48:15.196"}, "model": "rest_messaging.message", "pk": 276}, {"fields": {"body": "Message by Steve in thread 2", "sender": 2, "thread": 2, "sent_at": "2016-02-19T11:48:15.196"}, "model": "rest_messaging.message", "pk": 277}, {"fields": {"body": "Message by Marc in thread 2", "sender": 3, "thread": 2, "sent_at": "2016-02-19T11:48:15.196"}, "model": "rest_messaging.message", "pk": 278}, {"fields": {"body": "Message by Steve in thread 2", "sender": 2, "thread": 2, "sent_at": "2016-02-19T11:48:15.196"}, "model": "rest_messaging.message", "pk": 279}, {"fields": {"body": "Message by John in thread 2", "sender": 1, "thread": 2, "sent_at": "2016-02-19T11:48:15.196"}, "model": "rest_messaging.message", "pk": 280}, {"fields": {"body": "Message by John in thread 2", "sender": 1, "thread": 2, "sent_at": "2016-02-19T11:48:15.196"}, "model": "rest_messaging.message", "pk": 281}, {"fields": {"body": "Message by Steve in thread 2", "sender": 2, "thread": 2, "sent_at": "2016-02-19T11:48:15.196"}, "model": "rest_messaging.message", "pk": 282}, {"fields": {"body": "Message by Steve in thread 2", "sender": 2, "thread": 2, "sent_at": "2016-02-19T11:48:15.196"}, "model": "rest_messaging.message", "pk": 283}, {"fields": {"body": "Message by Steve in thread 2", "sender": 2, "thread": 2, "sent_at": "2016-02-19T11:48:15.196"}, "model": "rest_messaging.message", "pk": 284}, {"fields": {"body": "Message by Marc in thread 2", "sender": 3, "thread": 2, "sent_at": "2016-02-19T11:48:15.196"}, "model": "rest_messaging.message", "pk": 285}, {"fields": {"body": "Message by John in thread 2", "sender": 1, "thread": 2, "sent_at": "2016-02-19T11:48:15.196"}, "model": "rest_messaging.message", "pk": 286}, {"fields": {"body": "Message by Marc in thread 2", "sender": 3, "thread": 2, "sent_at": "2016-02-19T11:48:15.196"}, "model": "rest_messaging.message", "pk": 287}, {"fields": {"body": "Message by Steve in thread 2", "sender": 2, "thread": 2, "sent_at": "2016-02-19T11:48:15.196"}, "model": "rest_messaging.message", "pk": 288}, {"fields": {"body": "Message by Marc in thread 2", "sender": 3, "thread": 2, "sent_at": "2016-02-19T11:48:15.196"}, "model": "rest_messaging.message", "pk": 289}, {"fields": {"body": "Message by John in thread 2", "sender": 1, "thread": 2, "sent_at": "2016-02-19T11:48:15.196"}, "model": "rest_messaging.message", "pk": 290}, {"fields": {"body": "Message by Steve in thread 2", "sender": 2, "thread": 2, "sent_at": "2016-02-19T11:48:15.196"}, "model": "rest_messaging.message", "pk": 291}, {"fields": {"body": "Message by Marc in thread 2", "sender": 3, "thread": 2, "sent_at": "2016-02-19T11:48:15.197"}, "model": "rest_messaging.message", "pk": 292}, {"fields": {"body": "Message by John in thread 2", "sender": 1, "thread": 2, "sent_at": "2016-02-19T11:48:15.197"}, "model": "rest_messaging.message", "pk": 293}, {"fields": {"body": "Message by Steve in thread 2", "sender": 2, "thread": 2, "sent_at": "2016-02-19T11:48:15.197"}, "model": "rest_messaging.message", "pk": 294}, {"fields": {"body": "Message by Steve in thread 2", "sender": 2, "thread": 2, "sent_at": "2016-02-19T11:48:15.197"}, "model": "rest_messaging.message", "pk": 295}, {"fields": {"body": "Message by Steve in thread 2", "sender": 2, "thread": 2, "sent_at": "2016-02-19T11:48:15.197"}, "model": "rest_messaging.message", "pk": 296}, {"fields": {"body": "Message by John in thread 2", "sender": 1, "thread": 2, "sent_at": "2016-02-19T11:48:15.197"}, "model": "rest_messaging.message", "pk": 297}, {"fields": {"body": "Message by Steve in thread 2", "sender": 2, "thread": 2, "sent_at": "2016-02-19T11:48:15.197"}, "model": "rest_messaging.message", "pk": 298}, {"fields": {"body": "Message by Steve in thread 2", "sender": 2, "thread": 2, "sent_at": "2016-02-19T11:48:15.197"}, "model": "rest_messaging.message", "pk": 299}, {"fields": {"body": "Message by Steve in thread 2", "sender": 2, "thread": 2, "sent_at": "2016-02-19T11:48:15.197"}, "model": "rest_messaging.message", "pk": 300}, {"fields": {"body": "Message by John in thread 3", "sender": 1, "thread": 3, "sent_at": "2016-02-19T11:48:15.197"}, "model": "rest_messaging.message", "pk": 301}, {"fields": {"body": "Message by John in thread 3", "sender": 1, "thread": 3, "sent_at": "2016-02-19T11:48:15.197"}, "model": "rest_messaging.message", "pk": 302}, {"fields": {"body": "Message by Marc in thread 3", "sender": 3, "thread": 3, "sent_at": "2016-02-19T11:48:15.197"}, "model": "rest_messaging.message", "pk": 303}, {"fields": {"body": "Message by John in thread 3", "sender": 1, "thread": 3, "sent_at": "2016-02-19T11:48:15.197"}, "model": "rest_messaging.message", "pk": 304}, {"fields": {"body": "Message by Marc in thread 3", "sender": 3, "thread": 3, "sent_at": "2016-02-19T11:48:15.197"}, "model": "rest_messaging.message", "pk": 305}, {"fields": {"body": "Message by John in thread 3", "sender": 1, "thread": 3, "sent_at": "2016-02-19T11:48:15.197"}, "model": "rest_messaging.message", "pk": 306}, {"fields": {"body": "Message by Marc in thread 3", "sender": 3, "thread": 3, "sent_at": "2016-02-19T11:48:15.197"}, "model": "rest_messaging.message", "pk": 307}, {"fields": {"body": "Message by Marc in thread 3", "sender": 3, "thread": 3, "sent_at": "2016-02-19T11:48:15.197"}, "model": "rest_messaging.message", "pk": 308}, {"fields": {"body": "Message by Marc in thread 3", "sender": 3, "thread": 3, "sent_at": "2016-02-19T11:48:15.197"}, "model": "rest_messaging.message", "pk": 309}, {"fields": {"body": "Message by John in thread 3", "sender": 1, "thread": 3, "sent_at": "2016-02-19T11:48:15.197"}, "model": "rest_messaging.message", "pk": 310}, {"fields": {"body": "Message by John in thread 3", "sender": 1, "thread": 3, "sent_at": "2016-02-19T11:48:15.198"}, "model": "rest_messaging.message", "pk": 311}, {"fields": {"body": "Message by John in thread 3", "sender": 1, "thread": 3, "sent_at": "2016-02-19T11:48:15.198"}, "model": "rest_messaging.message", "pk": 312}, {"fields": {"body": "Message by Marc in thread 3", "sender": 3, "thread": 3, "sent_at": "2016-02-19T11:48:15.198"}, "model": "rest_messaging.message", "pk": 313}, {"fields": {"body": "Message by John in thread 3", "sender": 1, "thread": 3, "sent_at": "2016-02-19T11:48:15.198"}, "model": "rest_messaging.message", "pk": 314}, {"fields": {"body": "Message by John in thread 3", "sender": 1, "thread": 3, "sent_at": "2016-02-19T11:48:15.198"}, "model": "rest_messaging.message", "pk": 315}, {"fields": {"body": "Message by Marc in thread 3", "sender": 3, "thread": 3, "sent_at": "2016-02-19T11:48:15.198"}, "model": "rest_messaging.message", "pk": 316}, {"fields": {"body": "Message by John in thread 3", "sender": 1, "thread": 3, "sent_at": "2016-02-19T11:48:15.198"}, "model": "rest_messaging.message", "pk": 317}, {"fields": {"body": "Message by Marc in thread 3", "sender": 3, "thread": 3, "sent_at": "2016-02-19T11:48:15.198"}, "model": "rest_messaging.message", "pk": 318}, {"fields": {"body": "Message by John in thread 3", "sender": 1, "thread": 3, "sent_at": "2016-02-19T11:48:15.198"}, "model": "rest_messaging.message", "pk": 319}, {"fields": {"body": "Message by Marc in thread 3", "sender": 3, "thread": 3, "sent_at": "2016-02-19T11:48:15.198"}, "model": "rest_messaging.message", "pk": 320}, {"fields": {"body": "Message by John in thread 3", "sender": 1, "thread": 3, "sent_at": "2016-02-19T11:48:15.198"}, "model": "rest_messaging.message", "pk": 321}, {"fields": {"body": "Message by John in thread 3", "sender": 1, "thread": 3, "sent_at": "2016-02-19T11:48:15.198"}, "model": "rest_messaging.message", "pk": 322}, {"fields": {"body": "Message by John in thread 3", "sender": 1, "thread": 3, "sent_at": "2016-02-19T11:48:15.198"}, "model": "rest_messaging.message", "pk": 323}, {"fields": {"body": "Message by John in thread 3", "sender": 1, "thread": 3, "sent_at": "2016-02-19T11:48:15.198"}, "model": "rest_messaging.message", "pk": 324}, {"fields": {"body": "Message by Marc in thread 3", "sender": 3, "thread": 3, "sent_at": "2016-02-19T11:48:15.198"}, "model": "rest_messaging.message", "pk": 325}, {"fields": {"body": "Message by John in thread 3", "sender": 1, "thread": 3, "sent_at": "2016-02-19T11:48:15.198"}, "model": "rest_messaging.message", "pk": 326}, {"fields": {"body": "Message by Marc in thread 3", "sender": 3, "thread": 3, "sent_at": "2016-02-19T11:48:15.198"}, "model": "rest_messaging.message", "pk": 327}, {"fields": {"body": "Message by John in thread 3", "sender": 1, "thread": 3, "sent_at": "2016-02-19T11:48:15.198"}, "model": "rest_messaging.message", "pk": 328}, {"fields": {"body": "Message by Marc in thread 3", "sender": 3, "thread": 3, "sent_at": "2016-02-19T11:48:15.198"}, "model": "rest_messaging.message", "pk": 329}, {"fields": {"body": "Message by Marc in thread 3", "sender": 3, "thread": 3, "sent_at": "2016-02-19T11:48:15.199"}, "model": "rest_messaging.message", "pk": 330}, {"fields": {"body": "Message by Marc in thread 3", "sender": 3, "thread": 3, "sent_at": "2016-02-19T11:48:15.199"}, "model": "rest_messaging.message", "pk": 331}, {"fields": {"body": "Message by John in thread 3", "sender": 1, "thread": 3, "sent_at": "2016-02-19T11:48:15.199"}, "model": "rest_messaging.message", "pk": 332}, {"fields": {"body": "Message by Marc in thread 3", "sender": 3, "thread": 3, "sent_at": "2016-02-19T11:48:15.199"}, "model": "rest_messaging.message", "pk": 333}, {"fields": {"body": "Message by Marc in thread 3", "sender": 3, "thread": 3, "sent_at": "2016-02-19T11:48:15.199"}, "model": "rest_messaging.message", "pk": 334}, {"fields": {"body": "Message by John in thread 3", "sender": 1, "thread": 3, "sent_at": "2016-02-19T11:48:15.199"}, "model": "rest_messaging.message", "pk": 335}, {"fields": {"body": "Message by Marc in thread 3", "sender": 3, "thread": 3, "sent_at": "2016-02-19T11:48:15.199"}, "model": "rest_messaging.message", "pk": 336}, {"fields": {"body": "Message by Marc in thread 3", "sender": 3, "thread": 3, "sent_at": "2016-02-19T11:48:15.199"}, "model": "rest_messaging.message", "pk": 337}, {"fields": {"body": "Message by Marc in thread 3", "sender": 3, "thread": 3, "sent_at": "2016-02-19T11:48:15.199"}, "model": "rest_messaging.message", "pk": 338}, {"fields": {"body": "Message by Marc in thread 3", "sender": 3, "thread": 3, "sent_at": "2016-02-19T11:48:15.199"}, "model": "rest_messaging.message", "pk": 339}, {"fields": {"body": "Message by Marc in thread 3", "sender": 3, "thread": 3, "sent_at": "2016-02-19T11:48:15.199"}, "model": "rest_messaging.message", "pk": 340}, {"fields": {"body": "Message by Marc in thread 3", "sender": 3, "thread": 3, "sent_at": "2016-02-19T11:48:15.199"}, "model": "rest_messaging.message", "pk": 341}, {"fields": {"body": "Message by John in thread 3", "sender": 1, "thread": 3, "sent_at": "2016-02-19T11:48:15.199"}, "model": "rest_messaging.message", "pk": 342}, {"fields": {"body": "Message by John in thread 3", "sender": 1, "thread": 3, "sent_at": "2016-02-19T11:48:15.199"}, "model": "rest_messaging.message", "pk": 343}, {"fields": {"body": "Message by John in thread 3", "sender": 1, "thread": 3, "sent_at": "2016-02-19T11:48:15.199"}, "model": "rest_messaging.message", "pk": 344}, {"fields": {"body": "Message by Marc in thread 3", "sender": 3, "thread": 3, "sent_at": "2016-02-19T11:48:15.199"}, "model": "rest_messaging.message", "pk": 345}, {"fields": {"body": "Message by John in thread 3", "sender": 1, "thread": 3, "sent_at": "2016-02-19T11:48:15.199"}, "model": "rest_messaging.message", "pk": 346}, {"fields": {"body": "Message by John in thread 3", "sender": 1, "thread": 3, "sent_at": "2016-02-19T11:48:15.199"}, "model": "rest_messaging.message", "pk": 347}, {"fields": {"body": "Message by John in thread 3", "sender": 1, "thread": 3, "sent_at": "2016-02-19T11:48:15.199"}, "model": "rest_messaging.message", "pk": 348}, {"fields": {"body": "Message by John in thread 3", "sender": 1, "thread": 3, "sent_at": "2016-02-19T11:48:15.199"}, "model": "rest_messaging.message", "pk": 349}, {"fields": {"body": "Message by John in thread 3", "sender": 1, "thread": 3, "sent_at": "2016-02-19T11:48:15.200"}, "model": "rest_messaging.message", "pk": 350}, {"fields": {"body": "Message by Marc in thread 3", "sender": 3, "thread": 3, "sent_at": "2016-02-19T11:48:15.200"}, "model": "rest_messaging.message", "pk": 351}, {"fields": {"body": "Message by Marc in thread 3", "sender": 3, "thread": 3, "sent_at": "2016-02-19T11:48:15.200"}, "model": "rest_messaging.message", "pk": 352}, {"fields": {"body": "Message by Marc in thread 3", "sender": 3, "thread": 3, "sent_at": "2016-02-19T11:48:15.200"}, "model": "rest_messaging.message", "pk": 353}, {"fields": {"body": "Message by Marc in thread 3", "sender": 3, "thread": 3, "sent_at": "2016-02-19T11:48:15.200"}, "model": "rest_messaging.message", "pk": 354}, {"fields": {"body": "Message by Marc in thread 3", "sender": 3, "thread": 3, "sent_at": "2016-02-19T11:48:15.200"}, "model": "rest_messaging.message", "pk": 355}, {"fields": {"body": "Message by Marc in thread 3", "sender": 3, "thread": 3, "sent_at": "2016-02-19T11:48:15.200"}, "model": "rest_messaging.message", "pk": 356}, {"fields": {"body": "Message by John in thread 3", "sender": 1, "thread": 3, "sent_at": "2016-02-19T11:48:15.200"}, "model": "rest_messaging.message", "pk": 357}, {"fields": {"body": "Message by John in thread 3", "sender": 1, "thread": 3, "sent_at": "2016-02-19T11:48:15.200"}, "model": "rest_messaging.message", "pk": 358}, {"fields": {"body": "Message by Marc in thread 3", "sender": 3, "thread": 3, "sent_at": "2016-02-19T11:48:15.200"}, "model": "rest_messaging.message", "pk": 359}, {"fields": {"body": "Message by John in thread 3", "sender": 1, "thread": 3, "sent_at": "2016-02-19T11:48:15.200"}, "model": "rest_messaging.message", "pk": 360}, {"fields": {"body": "Message by Marc in thread 3", "sender": 3, "thread": 3, "sent_at": "2016-02-19T11:48:15.200"}, "model": "rest_messaging.message", "pk": 361}, {"fields": {"body": "Message by John in thread 3", "sender": 1, "thread": 3, "sent_at": "2016-02-19T11:48:15.200"}, "model": "rest_messaging.message", "pk": 362}, {"fields": {"body": "Message by John in thread 3", "sender": 1, "thread": 3, "sent_at": "2016-02-19T11:48:15.200"}, "model": "rest_messaging.message", "pk": 363}, {"fields": {"body": "Message by Marc in thread 3", "sender": 3, "thread": 3, "sent_at": "2016-02-19T11:48:15.200"}, "model": "rest_messaging.message", "pk": 364}, {"fields": {"body": "Message by John in thread 3", "sender": 1, "thread": 3, "sent_at": "2016-02-19T11:48:15.200"}, "model": "rest_messaging.message", "pk": 365}, {"fields": {"body": "Message by Marc in thread 3", "sender": 3, "thread": 3, "sent_at": "2016-02-19T11:48:15.200"}, "model": "rest_messaging.message", "pk": 366}, {"fields": {"body": "Message by Marc in thread 3", "sender": 3, "thread": 3, "sent_at": "2016-02-19T11:48:15.200"}, "model": "rest_messaging.message", "pk": 367}, {"fields": {"body": "Message by John in thread 3", "sender": 1, "thread": 3, "sent_at": "2016-02-19T11:48:15.200"}, "model": "rest_messaging.message", "pk": 368}, {"fields": {"body": "Message by John in thread 3", "sender": 1, "thread": 3, "sent_at": "2016-02-19T11:48:15.200"}, "model": "rest_messaging.message", "pk": 369}, {"fields": {"body": "Message by Marc in thread 3", "sender": 3, "thread": 3, "sent_at": "2016-02-19T11:48:15.201"}, "model": "rest_messaging.message", "pk": 370}, {"fields": {"body": "Message by John in thread 3", "sender": 1, "thread": 3, "sent_at": "2016-02-19T11:48:15.201"}, "model": "rest_messaging.message", "pk": 371}, {"fields": {"body": "Message by Marc in thread 3", "sender": 3, "thread": 3, "sent_at": "2016-02-19T11:48:15.201"}, "model": "rest_messaging.message", "pk": 372}, {"fields": {"body": "Message by John in thread 3", "sender": 1, "thread": 3, "sent_at": "2016-02-19T11:48:15.201"}, "model": "rest_messaging.message", "pk": 373}, {"fields": {"body": "Message by Marc in thread 3", "sender": 3, "thread": 3, "sent_at": "2016-02-19T11:48:15.201"}, "model": "rest_messaging.message", "pk": 374}, {"fields": {"body": "Message by Marc in thread 3", "sender": 3, "thread": 3, "sent_at": "2016-02-19T11:48:15.201"}, "model": "rest_messaging.message", "pk": 375}, {"fields": {"body": "Message by Marc in thread 3", "sender": 3, "thread": 3, "sent_at": "2016-02-19T11:48:15.201"}, "model": "rest_messaging.message", "pk": 376}, {"fields": {"body": "Message by Marc in thread 3", "sender": 3, "thread": 3, "sent_at": "2016-02-19T11:48:15.201"}, "model": "rest_messaging.message", "pk": 377}, {"fields": {"body": "Message by Marc in thread 3", "sender": 3, "thread": 3, "sent_at": "2016-02-19T11:48:15.201"}, "model": "rest_messaging.message", "pk": 378}, {"fields": {"body": "Message by Marc in thread 3", "sender": 3, "thread": 3, "sent_at": "2016-02-19T11:48:15.201"}, "model": "rest_messaging.message", "pk": 379}, {"fields": {"body": "Message by John in thread 3", "sender": 1, "thread": 3, "sent_at": "2016-02-19T11:48:15.201"}, "model": "rest_messaging.message", "pk": 380}, {"fields": {"body": "Message by John in thread 3", "sender": 1, "thread": 3, "sent_at": "2016-02-19T11:48:15.201"}, "model": "rest_messaging.message", "pk": 381}, {"fields": {"body": "Message by John in thread 3", "sender": 1, "thread": 3, "sent_at": "2016-02-19T11:48:15.201"}, "model": "rest_messaging.message", "pk": 382}, {"fields": {"body": "Message by Marc in thread 3", "sender": 3, "thread": 3, "sent_at": "2016-02-19T11:48:15.201"}, "model": "rest_messaging.message", "pk": 383}, {"fields": {"body": "Message by John in thread 3", "sender": 1, "thread": 3, "sent_at": "2016-02-19T11:48:15.201"}, "model": "rest_messaging.message", "pk": 384}, {"fields": {"body": "Message by John in thread 3", "sender": 1, "thread": 3, "sent_at": "2016-02-19T11:48:15.201"}, "model": "rest_messaging.message", "pk": 385}, {"fields": {"body": "Message by John in thread 3", "sender": 1, "thread": 3, "sent_at": "2016-02-19T11:48:15.202"}, "model": "rest_messaging.message", "pk": 386}, {"fields": {"body": "Message by John in thread 3", "sender": 1, "thread": 3, "sent_at": "2016-02-19T11:48:15.202"}, "model": "rest_messaging.message", "pk": 387}, {"fields": {"body": "Message by Marc in thread 3", "sender": 3, "thread": 3, "sent_at": "2016-02-19T11:48:15.202"}, "model": "rest_messaging.message", "pk": 388}, {"fields": {"body": "Message by John in thread 3", "sender": 1, "thread": 3, "sent_at": "2016-02-19T11:48:15.202"}, "model": "rest_messaging.message", "pk": 389}, {"fields": {"body": "Message by Marc in thread 3", "sender": 3, "thread": 3, "sent_at": "2016-02-19T11:48:15.202"}, "model": "rest_messaging.message", "pk": 390}, {"fields": {"body": "Message by John in thread 3", "sender": 1, "thread": 3, "sent_at": "2016-02-19T11:48:15.202"}, "model": "rest_messaging.message", "pk": 391}, {"fields": {"body": "Message by John in thread 3", "sender": 1, "thread": 3, "sent_at": "2016-02-19T11:48:15.202"}, "model": "rest_messaging.message", "pk": 392}, {"fields": {"body": "Message by Marc in thread 3", "sender": 3, "thread": 3, "sent_at": "2016-02-19T11:48:15.202"}, "model": "rest_messaging.message", "pk": 393}, {"fields": {"body": "Message by Marc in thread 3", "sender": 3, "thread": 3, "sent_at": "2016-02-19T11:48:15.202"}, "model": "rest_messaging.message", "pk": 394}, {"fields": {"body": "Message by John in thread 3", "sender": 1, "thread": 3, "sent_at": "2016-02-19T11:48:15.202"}, "model": "rest_messaging.message", "pk": 395}, {"fields": {"body": "Message by Marc in thread 3", "sender": 3, "thread": 3, "sent_at": "2016-02-19T11:48:15.202"}, "model": "rest_messaging.message", "pk": 396}, {"fields": {"body": "Message by Marc in thread 3", "sender": 3, "thread": 3, "sent_at": "2016-02-19T11:48:15.202"}, "model": "rest_messaging.message", "pk": 397}, {"fields": {"body": "Message by Marc in thread 3", "sender": 3, "thread": 3, "sent_at": "2016-02-19T11:48:15.202"}, "model": "rest_messaging.message", "pk": 398}, {"fields": {"body": "Message by Marc in thread 3", "sender": 3, "thread": 3, "sent_at": "2016-02-19T11:48:15.202"}, "model": "rest_messaging.message", "pk": 399}, {"fields": {"body": "Message by John in thread 3", "sender": 1, "thread": 3, "sent_at": "2016-02-19T11:48:15.202"}, "model": "rest_messaging.message", "pk": 400}, {"fields": {"body": "Message by Marc in thread 3", "sender": 3, "thread": 3, "sent_at": "2016-02-19T11:48:15.202"}, "model": "rest_messaging.message", "pk": 401}, {"fields": {"body": "Message by Marc in thread 3", "sender": 3, "thread": 3, "sent_at": "2016-02-19T11:48:15.202"}, "model": "rest_messaging.message", "pk": 402}, {"fields": {"body": "Message by Marc in thread 3", "sender": 3, "thread": 3, "sent_at": "2016-02-19T11:48:15.202"}, "model": "rest_messaging.message", "pk": 403}, {"fields": {"body": "Message by Marc in thread 3", "sender": 3, "thread": 3, "sent_at": "2016-02-19T11:48:15.202"}, "model": "rest_messaging.message", "pk": 404}, {"fields": {"body": "Message by Marc in thread 3", "sender": 3, "thread": 3, "sent_at": "2016-02-19T11:48:15.203"}, "model": "rest_messaging.message", "pk": 405}, {"fields": {"body": "Message by Marc in thread 3", "sender": 3, "thread": 3, "sent_at": "2016-02-19T11:48:15.203"}, "model": "rest_messaging.message", "pk": 406}, {"fields": {"body": "Message by John in thread 3", "sender": 1, "thread": 3, "sent_at": "2016-02-19T11:48:15.203"}, "model": "rest_messaging.message", "pk": 407}, {"fields": {"body": "Message by Marc in thread 3", "sender": 3, "thread": 3, "sent_at": "2016-02-19T11:48:15.203"}, "model": "rest_messaging.message", "pk": 408}, {"fields": {"body": "Message by Marc in thread 3", "sender": 3, "thread": 3, "sent_at": "2016-02-19T11:48:15.203"}, "model": "rest_messaging.message", "pk": 409}, {"fields": {"body": "Message by John in thread 3", "sender": 1, "thread": 3, "sent_at": "2016-02-19T11:48:15.203"}, "model": "rest_messaging.message", "pk": 410}, {"fields": {"body": "Message by John in thread 3", "sender": 1, "thread": 3, "sent_at": "2016-02-19T11:48:15.203"}, "model": "rest_messaging.message", "pk": 411}, {"fields": {"body": "Message by John in thread 3", "sender": 1, "thread": 3, "sent_at": "2016-02-19T11:48:15.203"}, "model": "rest_messaging.message", "pk": 412}, {"fields": {"body": "Message by Marc in thread 3", "sender": 3, "thread": 3, "sent_at": "2016-02-19T11:48:15.203"}, "model": "rest_messaging.message", "pk": 413}, {"fields": {"body": "Message by John in thread 3", "sender": 1, "thread": 3, "sent_at": "2016-02-19T11:48:15.203"}, "model": "rest_messaging.message", "pk": 414}, {"fields": {"body": "Message by Marc in thread 3", "sender": 3, "thread": 3, "sent_at": "2016-02-19T11:48:15.203"}, "model": "rest_messaging.message", "pk": 415}, {"fields": {"body": "Message by Marc in thread 3", "sender": 3, "thread": 3, "sent_at": "2016-02-19T11:48:15.203"}, "model": "rest_messaging.message", "pk": 416}, {"fields": {"body": "Message by Marc in thread 3", "sender": 3, "thread": 3, "sent_at": "2016-02-19T11:48:15.203"}, "model": "rest_messaging.message", "pk": 417}, {"fields": {"body": "Message by John in thread 3", "sender": 1, "thread": 3, "sent_at": "2016-02-19T11:48:15.203"}, "model": "rest_messaging.message", "pk": 418}, {"fields": {"body": "Message by John in thread 3", "sender": 1, "thread": 3, "sent_at": "2016-02-19T11:48:15.203"}, "model": "rest_messaging.message", "pk": 419}, {"fields": {"body": "Message by Marc in thread 3", "sender": 3, "thread": 3, "sent_at": "2016-02-19T11:48:15.203"}, "model": "rest_messaging.message", "pk": 420}, {"fields": {"body": "Message by Marc in thread 3", "sender": 3, "thread": 3, "sent_at": "2016-02-19T11:48:15.203"}, "model": "rest_messaging.message", "pk": 421}, {"fields": {"body": "Message by Marc in thread 3", "sender": 3, "thread": 3, "sent_at": "2016-02-19T11:48:15.203"}, "model": "rest_messaging.message", "pk": 422}, {"fields": {"body": "Message by Marc in thread 3", "sender": 3, "thread": 3, "sent_at": "2016-02-19T11:48:15.203"}, "model": "rest_messaging.message", "pk": 423}, {"fields": {"body": "Message by Marc in thread 3", "sender": 3, "thread": 3, "sent_at": "2016-02-19T11:48:15.203"}, "model": "rest_messaging.message", "pk": 424}, {"fields": {"body": "Message by Marc in thread 3", "sender": 3, "thread": 3, "sent_at": "2016-02-19T11:48:15.204"}, "model": "rest_messaging.message", "pk": 425}, {"fields": {"body": "Message by Marc in thread 3", "sender": 3, "thread": 3, "sent_at": "2016-02-19T11:48:15.204"}, "model": "rest_messaging.message", "pk": 426}, {"fields": {"body": "Message by Marc in thread 3", "sender": 3, "thread": 3, "sent_at": "2016-02-19T11:48:15.204"}, "model": "rest_messaging.message", "pk": 427}, {"fields": {"body": "Message by John in thread 3", "sender": 1, "thread": 3, "sent_at": "2016-02-19T11:48:15.204"}, "model": "rest_messaging.message", "pk": 428}, {"fields": {"body": "Message by John in thread 3", "sender": 1, "thread": 3, "sent_at": "2016-02-19T11:48:15.204"}, "model": "rest_messaging.message", "pk": 429}, {"fields": {"body": "Message by Marc in thread 3", "sender": 3, "thread": 3, "sent_at": "2016-02-19T11:48:15.204"}, "model": "rest_messaging.message", "pk": 430}, {"fields": {"body": "Message by John in thread 3", "sender": 1, "thread": 3, "sent_at": "2016-02-19T11:48:15.204"}, "model": "rest_messaging.message", "pk": 431}, {"fields": {"body": "Message by Marc in thread 3", "sender": 3, "thread": 3, "sent_at": "2016-02-19T11:48:15.204"}, "model": "rest_messaging.message", "pk": 432}, {"fields": {"body": "Message by John in thread 3", "sender": 1, "thread": 3, "sent_at": "2016-02-19T11:48:15.204"}, "model": "rest_messaging.message", "pk": 433}, {"fields": {"body": "Message by John in thread 3", "sender": 1, "thread": 3, "sent_at": "2016-02-19T11:48:15.204"}, "model": "rest_messaging.message", "pk": 434}, {"fields": {"body": "Message by Marc in thread 3", "sender": 3, "thread": 3, "sent_at": "2016-02-19T11:48:15.204"}, "model": "rest_messaging.message", "pk": 435}, {"fields": {"body": "Message by Marc in thread 3", "sender": 3, "thread": 3, "sent_at": "2016-02-19T11:48:15.204"}, "model": "rest_messaging.message", "pk": 436}, {"fields": {"body": "Message by Marc in thread 3", "sender": 3, "thread": 3, "sent_at": "2016-02-19T11:48:15.204"}, "model": "rest_messaging.message", "pk": 437}, {"fields": {"body": "Message by John in thread 3", "sender": 1, "thread": 3, "sent_at": "2016-02-19T11:48:15.204"}, "model": "rest_messaging.message", "pk": 438}, {"fields": {"body": "Message by Marc in thread 3", "sender": 3, "thread": 3, "sent_at": "2016-02-19T11:48:15.204"}, "model": "rest_messaging.message", "pk": 439}, {"fields": {"body": "Message by Marc in thread 3", "sender": 3, "thread": 3, "sent_at": "2016-02-19T11:48:15.204"}, "model": "rest_messaging.message", "pk": 440}, {"fields": {"body": "Message by Marc in thread 3", "sender": 3, "thread": 3, "sent_at": "2016-02-19T11:48:15.204"}, "model": "rest_messaging.message", "pk": 441}, {"fields": {"body": "Message by Marc in thread 3", "sender": 3, "thread": 3, "sent_at": "2016-02-19T11:48:15.205"}, "model": "rest_messaging.message", "pk": 442}, {"fields": {"body": "Message by Marc in thread 3", "sender": 3, "thread": 3, "sent_at": "2016-02-19T11:48:15.205"}, "model": "rest_messaging.message", "pk": 443}, {"fields": {"body": "Message by Marc in thread 3", "sender": 3, "thread": 3, "sent_at": "2016-02-19T11:48:15.205"}, "model": "rest_messaging.message", "pk": 444}, {"fields": {"body": "Message by John in thread 3", "sender": 1, "thread": 3, "sent_at": "2016-02-19T11:48:15.205"}, "model": "rest_messaging.message", "pk": 445}, {"fields": {"body": "Message by Marc in thread 3", "sender": 3, "thread": 3, "sent_at": "2016-02-19T11:48:15.205"}, "model": "rest_messaging.message", "pk": 446}, {"fields": {"body": "Message by John in thread 3", "sender": 1, "thread": 3, "sent_at": "2016-02-19T11:48:15.205"}, "model": "rest_messaging.message", "pk": 447}, {"fields": {"body": "Message by Marc in thread 3", "sender": 3, "thread": 3, "sent_at": "2016-02-19T11:48:15.205"}, "model": "rest_messaging.message", "pk": 448}, {"fields": {"body": "Message by Marc in thread 3", "sender": 3, "thread": 3, "sent_at": "2016-02-19T11:48:15.205"}, "model": "rest_messaging.message", "pk": 449}, {"fields": {"body": "Message by John in thread 3", "sender": 1, "thread": 3, "sent_at": "2016-02-19T11:48:15.205"}, "model": "rest_messaging.message", "pk": 450}, {"fields": {"body": "Message by Pepito in thread 4", "sender": 5, "thread": 4, "sent_at": "2016-02-19T11:48:15.205"}, "model": "rest_messaging.message", "pk": 451}, {"fields": {"body": "Message by Pepito in thread 4", "sender": 5, "thread": 4, "sent_at": "2016-02-19T11:48:15.205"}, "model": "rest_messaging.message", "pk": 452}, {"fields": {"body": "Message by Pedro in thread 4", "sender": 6, "thread": 4, "sent_at": "2016-02-19T11:48:15.205"}, "model": "rest_messaging.message", "pk": 453}, {"fields": {"body": "Message by Pedro in thread 4", "sender": 6, "thread": 4, "sent_at": "2016-02-19T11:48:15.205"}, "model": "rest_messaging.message", "pk": 454}, {"fields": {"body": "Message by Pepito in thread 4", "sender": 5, "thread": 4, "sent_at": "2016-02-19T11:48:15.205"}, "model": "rest_messaging.message", "pk": 455}, {"fields": {"body": "Message by Ada in thread 4", "sender": 4, "thread": 4, "sent_at": "2016-02-19T11:48:15.205"}, "model": "rest_messaging.message", "pk": 456}, {"fields": {"body": "Message by Pedro in thread 4", "sender": 6, "thread": 4, "sent_at": "2016-02-19T11:48:15.205"}, "model": "rest_messaging.message", "pk": 457}, {"fields": {"body": "Message by Pepito in thread 4", "sender": 5, "thread": 4, "sent_at": "2016-02-19T11:48:15.205"}, "model": "rest_messaging.message", "pk": 458}, {"fields": {"body": "Message by Pepito in thread 4", "sender": 5, "thread": 4, "sent_at": "2016-02-19T11:48:15.205"}, "model": "rest_messaging.message", "pk": 459}, {"fields": {"body": "Message by Pepito in thread 4", "sender": 5, "thread": 4, "sent_at": "2016-02-19T11:48:15.206"}, "model": "rest_messaging.message", "pk": 460}, {"fields": {"body": "Message by Pedro in thread 4", "sender": 6, "thread": 4, "sent_at": "2016-02-19T11:48:15.206"}, "model": "rest_messaging.message", "pk": 461}, {"fields": {"body": "Message by Pepito in thread 4", "sender": 5, "thread": 4, "sent_at": "2016-02-19T11:48:15.206"}, "model": "rest_messaging.message", "pk": 462}, {"fields": {"body": "Message by Pepito in thread 4", "sender": 5, "thread": 4, "sent_at": "2016-02-19T11:48:15.206"}, "model": "rest_messaging.message", "pk": 463}, {"fields": {"body": "Message by Ada in thread 4", "sender": 4, "thread": 4, "sent_at": "2016-02-19T11:48:15.206"}, "model": "rest_messaging.message", "pk": 464}, {"fields": {"body": "Message by Ada in thread 4", "sender": 4, "thread": 4, "sent_at": "2016-02-19T11:48:15.206"}, "model": "rest_messaging.message", "pk": 465}, {"fields": {"body": "Message by Ada in thread 4", "sender": 4, "thread": 4, "sent_at": "2016-02-19T11:48:15.206"}, "model": "rest_messaging.message", "pk": 466}, {"fields": {"body": "Message by Pepito in thread 4", "sender": 5, "thread": 4, "sent_at": "2016-02-19T11:48:15.206"}, "model": "rest_messaging.message", "pk": 467}, {"fields": {"body": "Message by Ada in thread 4", "sender": 4, "thread": 4, "sent_at": "2016-02-19T11:48:15.206"}, "model": "rest_messaging.message", "pk": 468}, {"fields": {"body": "Message by Pedro in thread 4", "sender": 6, "thread": 4, "sent_at": "2016-02-19T11:48:15.206"}, "model": "rest_messaging.message", "pk": 469}, {"fields": {"body": "Message by Ada in thread 4", "sender": 4, "thread": 4, "sent_at": "2016-02-19T11:48:15.206"}, "model": "rest_messaging.message", "pk": 470}, {"fields": {"body": "Message by Pepito in thread 4", "sender": 5, "thread": 4, "sent_at": "2016-02-19T11:48:15.206"}, "model": "rest_messaging.message", "pk": 471}, {"fields": {"body": "Message by Ada in thread 4", "sender": 4, "thread": 4, "sent_at": "2016-02-19T11:48:15.206"}, "model": "rest_messaging.message", "pk": 472}, {"fields": {"body": "Message by Pepito in thread 4", "sender": 5, "thread": 4, "sent_at": "2016-02-19T11:48:15.206"}, "model": "rest_messaging.message", "pk": 473}, {"fields": {"body": "Message by Pepito in thread 4", "sender": 5, "thread": 4, "sent_at": "2016-02-19T11:48:15.206"}, "model": "rest_messaging.message", "pk": 474}, {"fields": {"body": "Message by Pedro in thread 4", "sender": 6, "thread": 4, "sent_at": "2016-02-19T11:48:15.206"}, "model": "rest_messaging.message", "pk": 475}, {"fields": {"body": "Message by Pedro in thread 4", "sender": 6, "thread": 4, "sent_at": "2016-02-19T11:48:15.206"}, "model": "rest_messaging.message", "pk": 476}, {"fields": {"body": "Message by Pedro in thread 4", "sender": 6, "thread": 4, "sent_at": "2016-02-19T11:48:15.206"}, "model": "rest_messaging.message", "pk": 477}, {"fields": {"body": "Message by Pedro in thread 4", "sender": 6, "thread": 4, "sent_at": "2016-02-19T11:48:15.206"}, "model": "rest_messaging.message", "pk": 478}, {"fields": {"body": "Message by Ada in thread 4", "sender": 4, "thread": 4, "sent_at": "2016-02-19T11:48:15.206"}, "model": "rest_messaging.message", "pk": 479}, {"fields": {"body": "Message by Ada in thread 4", "sender": 4, "thread": 4, "sent_at": "2016-02-19T11:48:15.207"}, "model": "rest_messaging.message", "pk": 480}, {"fields": {"body": "Message by Ada in thread 4", "sender": 4, "thread": 4, "sent_at": "2016-02-19T11:48:15.207"}, "model": "rest_messaging.message", "pk": 481}, {"fields": {"body": "Message by Pepito in thread 4", "sender": 5, "thread": 4, "sent_at": "2016-02-19T11:48:15.207"}, "model": "rest_messaging.message", "pk": 482}, {"fields": {"body": "Message by Pedro in thread 4", "sender": 6, "thread": 4, "sent_at": "2016-02-19T11:48:15.207"}, "model": "rest_messaging.message", "pk": 483}, {"fields": {"body": "Message by Ada in thread 4", "sender": 4, "thread": 4, "sent_at": "2016-02-19T11:48:15.207"}, "model": "rest_messaging.message", "pk": 484}, {"fields": {"body": "Message by Ada in thread 4", "sender": 4, "thread": 4, "sent_at": "2016-02-19T11:48:15.207"}, "model": "rest_messaging.message", "pk": 485}, {"fields": {"body": "Message by Pedro in thread 4", "sender": 6, "thread": 4, "sent_at": "2016-02-19T11:48:15.207"}, "model": "rest_messaging.message", "pk": 486}, {"fields": {"body": "Message by Pedro in thread 4", "sender": 6, "thread": 4, "sent_at": "2016-02-19T11:48:15.207"}, "model": "rest_messaging.message", "pk": 487}, {"fields": {"body": "Message by Ada in thread 4", "sender": 4, "thread": 4, "sent_at": "2016-02-19T11:48:15.207"}, "model": "rest_messaging.message", "pk": 488}, {"fields": {"body": "Message by Pepito in thread 4", "sender": 5, "thread": 4, "sent_at": "2016-02-19T11:48:15.207"}, "model": "rest_messaging.message", "pk": 489}, {"fields": {"body": "Message by Pedro in thread 4", "sender": 6, "thread": 4, "sent_at": "2016-02-19T11:48:15.207"}, "model": "rest_messaging.message", "pk": 490}, {"fields": {"body": "Message by Pepito in thread 4", "sender": 5, "thread": 4, "sent_at": "2016-02-19T11:48:15.207"}, "model": "rest_messaging.message", "pk": 491}, {"fields": {"body": "Message by Ada in thread 4", "sender": 4, "thread": 4, "sent_at": "2016-02-19T11:48:15.207"}, "model": "rest_messaging.message", "pk": 492}, {"fields": {"body": "Message by Pepito in thread 4", "sender": 5, "thread": 4, "sent_at": "2016-02-19T11:48:15.207"}, "model": "rest_messaging.message", "pk": 493}, {"fields": {"body": "Message by Ada in thread 4", "sender": 4, "thread": 4, "sent_at": "2016-02-19T11:48:15.207"}, "model": "rest_messaging.message", "pk": 494}, {"fields": {"body": "Message by Ada in thread 4", "sender": 4, "thread": 4, "sent_at": "2016-02-19T11:48:15.207"}, "model": "rest_messaging.message", "pk": 495}, {"fields": {"body": "Message by Pepito in thread 4", "sender": 5, "thread": 4, "sent_at": "2016-02-19T11:48:15.207"}, "model": "rest_messaging.message", "pk": 496}, {"fields": {"body": "Message by Pedro in thread 4", "sender": 6, "thread": 4, "sent_at": "2016-02-19T11:48:15.207"}, "model": "rest_messaging.message", "pk": 497}, {"fields": {"body": "Message by Pedro in thread 4", "sender": 6, "thread": 4, "sent_at": "2016-02-19T11:48:15.207"}, "model": "rest_messaging.message", "pk": 498}, {"fields": {"body": "Message by Pedro in thread 4", "sender": 6, "thread": 4, "sent_at": "2016-02-19T11:48:15.215"}, "model": "rest_messaging.message", "pk": 499}, {"fields": {"body": "Message by Ada in thread 4", "sender": 4, "thread": 4, "sent_at": "2016-02-19T11:48:15.215"}, "model": "rest_messaging.message", "pk": 500}, {"fields": {"body": "Message by Pepito in thread 4", "sender": 5, "thread": 4, "sent_at": "2016-02-19T11:48:15.215"}, "model": "rest_messaging.message", "pk": 501}, {"fields": {"body": "Message by Ada in thread 4", "sender": 4, "thread": 4, "sent_at": "2016-02-19T11:48:15.215"}, "model": "rest_messaging.message", "pk": 502}, {"fields": {"body": "Message by Pepito in thread 4", "sender": 5, "thread": 4, "sent_at": "2016-02-19T11:48:15.215"}, "model": "rest_messaging.message", "pk": 503}, {"fields": {"body": "Message by Ada in thread 4", "sender": 4, "thread": 4, "sent_at": "2016-02-19T11:48:15.215"}, "model": "rest_messaging.message", "pk": 504}, {"fields": {"body": "Message by Ada in thread 4", "sender": 4, "thread": 4, "sent_at": "2016-02-19T11:48:15.215"}, "model": "rest_messaging.message", "pk": 505}, {"fields": {"body": "Message by Pedro in thread 4", "sender": 6, "thread": 4, "sent_at": "2016-02-19T11:48:15.215"}, "model": "rest_messaging.message", "pk": 506}, {"fields": {"body": "Message by Pepito in thread 4", "sender": 5, "thread": 4, "sent_at": "2016-02-19T11:48:15.215"}, "model": "rest_messaging.message", "pk": 507}, {"fields": {"body": "Message by Pepito in thread 4", "sender": 5, "thread": 4, "sent_at": "2016-02-19T11:48:15.215"}, "model": "rest_messaging.message", "pk": 508}, {"fields": {"body": "Message by Pepito in thread 4", "sender": 5, "thread": 4, "sent_at": "2016-02-19T11:48:15.215"}, "model": "rest_messaging.message", "pk": 509}, {"fields": {"body": "Message by Pedro in thread 4", "sender": 6, "thread": 4, "sent_at": "2016-02-19T11:48:15.215"}, "model": "rest_messaging.message", "pk": 510}, {"fields": {"body": "Message by Pepito in thread 4", "sender": 5, "thread": 4, "sent_at": "2016-02-19T11:48:15.215"}, "model": "rest_messaging.message", "pk": 511}, {"fields": {"body": "Message by Pepito in thread 4", "sender": 5, "thread": 4, "sent_at": "2016-02-19T11:48:15.215"}, "model": "rest_messaging.message", "pk": 512}, {"fields": {"body": "Message by Pedro in thread 4", "sender": 6, "thread": 4, "sent_at": "2016-02-19T11:48:15.215"}, "model": "rest_messaging.message", "pk": 513}, {"fields": {"body": "Message by Ada in thread 4", "sender": 4, "thread": 4, "sent_at": "2016-02-19T11:48:15.215"}, "model": "rest_messaging.message", "pk": 514}, {"fields": {"body": "Message by Pedro in thread 4", "sender": 6, "thread": 4, "sent_at": "2016-02-19T11:48:15.216"}, "model": "rest_messaging.message", "pk": 515}, {"fields": {"body": "Message by Ada in thread 4", "sender": 4, "thread": 4, "sent_at": "2016-02-19T11:48:15.216"}, "model": "rest_messaging.message", "pk": 516}, {"fields": {"body": "Message by Pepito in thread 4", "sender": 5, "thread": 4, "sent_at": "2016-02-19T11:48:15.216"}, "model": "rest_messaging.message", "pk": 517}, {"fields": {"body": "Message by Pedro in thread 4", "sender": 6, "thread": 4, "sent_at": "2016-02-19T11:48:15.216"}, "model": "rest_messaging.message", "pk": 518}, {"fields": {"body": "Message by Pepito in thread 4", "sender": 5, "thread": 4, "sent_at": "2016-02-19T11:48:15.216"}, "model": "rest_messaging.message", "pk": 519}, {"fields": {"body": "Message by Pepito in thread 4", "sender": 5, "thread": 4, "sent_at": "2016-02-19T11:48:15.216"}, "model": "rest_messaging.message", "pk": 520}, {"fields": {"body": "Message by Ada in thread 4", "sender": 4, "thread": 4, "sent_at": "2016-02-19T11:48:15.216"}, "model": "rest_messaging.message", "pk": 521}, {"fields": {"body": "Message by Ada in thread 4", "sender": 4, "thread": 4, "sent_at": "2016-02-19T11:48:15.216"}, "model": "rest_messaging.message", "pk": 522}, {"fields": {"body": "Message by Ada in thread 4", "sender": 4, "thread": 4, "sent_at": "2016-02-19T11:48:15.216"}, "model": "rest_messaging.message", "pk": 523}, {"fields": {"body": "Message by Pepito in thread 4", "sender": 5, "thread": 4, "sent_at": "2016-02-19T11:48:15.216"}, "model": "rest_messaging.message", "pk": 524}, {"fields": {"body": "Message by Ada in thread 4", "sender": 4, "thread": 4, "sent_at": "2016-02-19T11:48:15.216"}, "model": "rest_messaging.message", "pk": 525}, {"fields": {"body": "Message by Pedro in thread 4", "sender": 6, "thread": 4, "sent_at": "2016-02-19T11:48:15.216"}, "model": "rest_messaging.message", "pk": 526}, {"fields": {"body": "Message by Ada in thread 4", "sender": 4, "thread": 4, "sent_at": "2016-02-19T11:48:15.216"}, "model": "rest_messaging.message", "pk": 527}, {"fields": {"body": "Message by Ada in thread 4", "sender": 4, "thread": 4, "sent_at": "2016-02-19T11:48:15.216"}, "model": "rest_messaging.message", "pk": 528}, {"fields": {"body": "Message by Pepito in thread 4", "sender": 5, "thread": 4, "sent_at": "2016-02-19T11:48:15.216"}, "model": "rest_messaging.message", "pk": 529}, {"fields": {"body": "Message by Ada in thread 4", "sender": 4, "thread": 4, "sent_at": "2016-02-19T11:48:15.216"}, "model": "rest_messaging.message", "pk": 530}, {"fields": {"body": "Message by Ada in thread 4", "sender": 4, "thread": 4, "sent_at": "2016-02-19T11:48:15.216"}, "model": "rest_messaging.message", "pk": 531}, {"fields": {"body": "Message by Ada in thread 4", "sender": 4, "thread": 4, "sent_at": "2016-02-19T11:48:15.216"}, "model": "rest_messaging.message", "pk": 532}, {"fields": {"body": "Message by Pedro in thread 4", "sender": 6, "thread": 4, "sent_at": "2016-02-19T11:48:15.216"}, "model": "rest_messaging.message", "pk": 533}, {"fields": {"body": "Message by Ada in thread 4", "sender": 4, "thread": 4, "sent_at": "2016-02-19T11:48:15.217"}, "model": "rest_messaging.message", "pk": 534}, {"fields": {"body": "Message by Pepito in thread 4", "sender": 5, "thread": 4, "sent_at": "2016-02-19T11:48:15.217"}, "model": "rest_messaging.message", "pk": 535}, {"fields": {"body": "Message by Ada in thread 4", "sender": 4, "thread": 4, "sent_at": "2016-02-19T11:48:15.217"}, "model": "rest_messaging.message", "pk": 536}, {"fields": {"body": "Message by Pepito in thread 4", "sender": 5, "thread": 4, "sent_at": "2016-02-19T11:48:15.217"}, "model": "rest_messaging.message", "pk": 537}, {"fields": {"body": "Message by Pedro in thread 4", "sender": 6, "thread": 4, "sent_at": "2016-02-19T11:48:15.217"}, "model": "rest_messaging.message", "pk": 538}, {"fields": {"body": "Message by Pepito in thread 4", "sender": 5, "thread": 4, "sent_at": "2016-02-19T11:48:15.217"}, "model": "rest_messaging.message", "pk": 539}, {"fields": {"body": "Message by Ada in thread 4", "sender": 4, "thread": 4, "sent_at": "2016-02-19T11:48:15.217"}, "model": "rest_messaging.message", "pk": 540}, {"fields": {"body": "Message by Pepito in thread 4", "sender": 5, "thread": 4, "sent_at": "2016-02-19T11:48:15.217"}, "model": "rest_messaging.message", "pk": 541}, {"fields": {"body": "Message by Pedro in thread 4", "sender": 6, "thread": 4, "sent_at": "2016-02-19T11:48:15.217"}, "model": "rest_messaging.message", "pk": 542}, {"fields": {"body": "Message by Pepito in thread 4", "sender": 5, "thread": 4, "sent_at": "2016-02-19T11:48:15.217"}, "model": "rest_messaging.message", "pk": 543}, {"fields": {"body": "Message by Pepito in thread 4", "sender": 5, "thread": 4, "sent_at": "2016-02-19T11:48:15.217"}, "model": "rest_messaging.message", "pk": 544}, {"fields": {"body": "Message by Ada in thread 4", "sender": 4, "thread": 4, "sent_at": "2016-02-19T11:48:15.217"}, "model": "rest_messaging.message", "pk": 545}, {"fields": {"body": "Message by Ada in thread 4", "sender": 4, "thread": 4, "sent_at": "2016-02-19T11:48:15.217"}, "model": "rest_messaging.message", "pk": 546}, {"fields": {"body": "Message by Pepito in thread 4", "sender": 5, "thread": 4, "sent_at": "2016-02-19T11:48:15.217"}, "model": "rest_messaging.message", "pk": 547}, {"fields": {"body": "Message by Ada in thread 4", "sender": 4, "thread": 4, "sent_at": "2016-02-19T11:48:15.217"}, "model": "rest_messaging.message", "pk": 548}, {"fields": {"body": "Message by Pepito in thread 4", "sender": 5, "thread": 4, "sent_at": "2016-02-19T11:48:15.218"}, "model": "rest_messaging.message", "pk": 549}, {"fields": {"body": "Message by Ada in thread 4", "sender": 4, "thread": 4, "sent_at": "2016-02-19T11:48:15.218"}, "model": "rest_messaging.message", "pk": 550}, {"fields": {"body": "Message by Pepito in thread 4", "sender": 5, "thread": 4, "sent_at": "2016-02-19T11:48:15.218"}, "model": "rest_messaging.message", "pk": 551}, {"fields": {"body": "Message by Ada in thread 4", "sender": 4, "thread": 4, "sent_at": "2016-02-19T11:48:15.218"}, "model": "rest_messaging.message", "pk": 552}, {"fields": {"body": "Message by Ada in thread 4", "sender": 4, "thread": 4, "sent_at": "2016-02-19T11:48:15.218"}, "model": "rest_messaging.message", "pk": 553}, {"fields": {"body": "Message by Ada in thread 4", "sender": 4, "thread": 4, "sent_at": "2016-02-19T11:48:15.218"}, "model": "rest_messaging.message", "pk": 554}, {"fields": {"body": "Message by Pedro in thread 4", "sender": 6, "thread": 4, "sent_at": "2016-02-19T11:48:15.218"}, "model": "rest_messaging.message", "pk": 555}, {"fields": {"body": "Message by Pedro in thread 4", "sender": 6, "thread": 4, "sent_at": "2016-02-19T11:48:15.218"}, "model": "rest_messaging.message", "pk": 556}, {"fields": {"body": "Message by Pedro in thread 4", "sender": 6, "thread": 4, "sent_at": "2016-02-19T11:48:15.218"}, "model": "rest_messaging.message", "pk": 557}, {"fields": {"body": "Message by Pepito in thread 4", "sender": 5, "thread": 4, "sent_at": "2016-02-19T11:48:15.218"}, "model": "rest_messaging.message", "pk": 558}, {"fields": {"body": "Message by Pepito in thread 4", "sender": 5, "thread": 4, "sent_at": "2016-02-19T11:48:15.218"}, "model": "rest_messaging.message", "pk": 559}, {"fields": {"body": "Message by Pedro in thread 4", "sender": 6, "thread": 4, "sent_at": "2016-02-19T11:48:15.218"}, "model": "rest_messaging.message", "pk": 560}, {"fields": {"body": "Message by Pedro in thread 4", "sender": 6, "thread": 4, "sent_at": "2016-02-19T11:48:15.219"}, "model": "rest_messaging.message", "pk": 561}, {"fields": {"body": "Message by Pedro in thread 4", "sender": 6, "thread": 4, "sent_at": "2016-02-19T11:48:15.219"}, "model": "rest_messaging.message", "pk": 562}, {"fields": {"body": "Message by Ada in thread 4", "sender": 4, "thread": 4, "sent_at": "2016-02-19T11:48:15.219"}, "model": "rest_messaging.message", "pk": 563}, {"fields": {"body": "Message by Ada in thread 4", "sender": 4, "thread": 4, "sent_at": "2016-02-19T11:48:15.219"}, "model": "rest_messaging.message", "pk": 564}, {"fields": {"body": "Message by Ada in thread 4", "sender": 4, "thread": 4, "sent_at": "2016-02-19T11:48:15.219"}, "model": "rest_messaging.message", "pk": 565}, {"fields": {"body": "Message by Ada in thread 4", "sender": 4, "thread": 4, "sent_at": "2016-02-19T11:48:15.219"}, "model": "rest_messaging.message", "pk": 566}, {"fields": {"body": "Message by Pepito in thread 4", "sender": 5, "thread": 4, "sent_at": "2016-02-19T11:48:15.219"}, "model": "rest_messaging.message", "pk": 567}, {"fields": {"body": "Message by Pedro in thread 4", "sender": 6, "thread": 4, "sent_at": "2016-02-19T11:48:15.219"}, "model": "rest_messaging.message", "pk": 568}, {"fields": {"body": "Message by Pedro in thread 4", "sender": 6, "thread": 4, "sent_at": "2016-02-19T11:48:15.219"}, "model": "rest_messaging.message", "pk": 569}, {"fields": {"body": "Message by Ada in thread 4", "sender": 4, "thread": 4, "sent_at": "2016-02-19T11:48:15.219"}, "model": "rest_messaging.message", "pk": 570}, {"fields": {"body": "Message by Pedro in thread 4", "sender": 6, "thread": 4, "sent_at": "2016-02-19T11:48:15.219"}, "model": "rest_messaging.message", "pk": 571}, {"fields": {"body": "Message by Pedro in thread 4", "sender": 6, "thread": 4, "sent_at": "2016-02-19T11:48:15.219"}, "model": "rest_messaging.message", "pk": 572}, {"fields": {"body": "Message by Ada in thread 4", "sender": 4, "thread": 4, "sent_at": "2016-02-19T11:48:15.219"}, "model": "rest_messaging.message", "pk": 573}, {"fields": {"body": "Message by Pepito in thread 4", "sender": 5, "thread": 4, "sent_at": "2016-02-19T11:48:15.219"}, "model": "rest_messaging.message", "pk": 574}, {"fields": {"body": "Message by Ada in thread 4", "sender": 4, "thread": 4, "sent_at": "2016-02-19T11:48:15.219"}, "model": "rest_messaging.message", "pk": 575}, {"fields": {"body": "Message by Ada in thread 4", "sender": 4, "thread": 4, "sent_at": "2016-02-19T11:48:15.219"}, "model": "rest_messaging.message", "pk": 576}, {"fields": {"body": "Message by Pepito in thread 4", "sender": 5, "thread": 4, "sent_at": "2016-02-19T11:48:15.219"}, "model": "rest_messaging.message", "pk": 577}, {"fields": {"body": "Message by Ada in thread 4", "sender": 4, "thread": 4, "sent_at": "2016-02-19T11:48:15.219"}, "model": "rest_messaging.message", "pk": 578}, {"fields": {"body": "Message by Pedro in thread 4", "sender": 6, "thread": 4, "sent_at": "2016-02-19T11:48:15.219"}, "model": "rest_messaging.message", "pk": 579}, {"fields": {"body": "Message by Pepito in thread 4", "sender": 5, "thread": 4, "sent_at": "2016-02-19T11:48:15.220"}, "model": "rest_messaging.message", "pk": 580}, {"fields": {"body": "Message by Pedro in thread 4", "sender": 6, "thread": 4, "sent_at": "2016-02-19T11:48:15.220"}, "model": "rest_messaging.message", "pk": 581}, {"fields": {"body": "Message by Pedro in thread 4", "sender": 6, "thread": 4, "sent_at": "2016-02-19T11:48:15.220"}, "model": "rest_messaging.message", "pk": 582}, {"fields": {"body": "Message by Pedro in thread 4", "sender": 6, "thread": 4, "sent_at": "2016-02-19T11:48:15.220"}, "model": "rest_messaging.message", "pk": 583}, {"fields": {"body": "Message by Ada in thread 4", "sender": 4, "thread": 4, "sent_at": "2016-02-19T11:48:15.220"}, "model": "rest_messaging.message", "pk": 584}, {"fields": {"body": "Message by Pepito in thread 4", "sender": 5, "thread": 4, "sent_at": "2016-02-19T11:48:15.220"}, "model": "rest_messaging.message", "pk": 585}, {"fields": {"body": "Message by Pedro in thread 4", "sender": 6, "thread": 4, "sent_at": "2016-02-19T11:48:15.220"}, "model": "rest_messaging.message", "pk": 586}, {"fields": {"body": "Message by Pedro in thread 4", "sender": 6, "thread": 4, "sent_at": "2016-02-19T11:48:15.220"}, "model": "rest_messaging.message", "pk": 587}, {"fields": {"body": "Message by Ada in thread 4", "sender": 4, "thread": 4, "sent_at": "2016-02-19T11:48:15.220"}, "model": "rest_messaging.message", "pk": 588}, {"fields": {"body": "Message by Pepito in thread 4", "sender": 5, "thread": 4, "sent_at": "2016-02-19T11:48:15.220"}, "model": "rest_messaging.message", "pk": 589}, {"fields": {"body": "Message by Ada in thread 4", "sender": 4, "thread": 4, "sent_at": "2016-02-19T11:48:15.220"}, "model": "rest_messaging.message", "pk": 590}, {"fields": {"body": "Message by Pedro in thread 4", "sender": 6, "thread": 4, "sent_at": "2016-02-19T11:48:15.220"}, "model": "rest_messaging.message", "pk": 591}, {"fields": {"body": "Message by Ada in thread 4", "sender": 4, "thread": 4, "sent_at": "2016-02-19T11:48:15.220"}, "model": "rest_messaging.message", "pk": 592}, {"fields": {"body": "Message by Pepito in thread 4", "sender": 5, "thread": 4, "sent_at": "2016-02-19T11:48:15.220"}, "model": "rest_messaging.message", "pk": 593}, {"fields": {"body": "Message by Pedro in thread 4", "sender": 6, "thread": 4, "sent_at": "2016-02-19T11:48:15.220"}, "model": "rest_messaging.message", "pk": 594}, {"fields": {"body": "Message by Pedro in thread 4", "sender": 6, "thread": 4, "sent_at": "2016-02-19T11:48:15.220"}, "model": "rest_messaging.message", "pk": 595}, {"fields": {"body": "Message by Ada in thread 4", "sender": 4, "thread": 4, "sent_at": "2016-02-19T11:48:15.220"}, "model": "rest_messaging.message", "pk": 596}, {"fields": {"body": "Message by Pedro in thread 4", "sender": 6, "thread": 4, "sent_at": "2016-02-19T11:48:15.220"}, "model": "rest_messaging.message", "pk": 597}, {"fields": {"body": "Message by Pedro in thread 4", "sender": 6, "thread": 4, "sent_at": "2016-02-19T11:48:15.220"}, "model": "rest_messaging.message", "pk": 598}, {"fields": {"body": "Message by Ada in thread 4", "sender": 4, "thread": 4, "sent_at": "2016-02-19T11:48:15.221"}, "model": "rest_messaging.message", "pk": 599}, {"fields": {"body": "Message by Pepito in thread 4", "sender": 5, "thread": 4, "sent_at": "2016-02-19T11:48:15.221"}, "model": "rest_messaging.message", "pk": 600}, {"fields": {"date_check": "2016-02-18T11:48:15.352", "participant": 1}, "model": "rest_messaging.notificationcheck", "pk": 1}]